"","Time","Value","Label","Competidor"
"1",1,0.011081674,"Real","Competidor 1 "
"2",2,0.009744728,"Real","Competidor 1 "
"3",3,0.010116758,"Real","Competidor 1 "
"4",4,0.009725398,"Real","Competidor 1 "
"5",5,0.010605868,"Real","Competidor 1 "
"6",6,0.010977217,"Real","Competidor 1 "
"7",7,0.009837315,"Real","Competidor 1 "
"8",8,0.009413724,"Real","Competidor 1 "
"9",9,0.009914882,"Real","Competidor 1 "
"10",10,0.009522907,"Real","Competidor 1 "
"11",11,0.010092678,"Real","Competidor 1 "
"12",12,0.011360562,"Real","Competidor 1 "
"13",13,0.009601764,"Real","Competidor 1 "
"14",14,0.009315285,"Real","Competidor 1 "
"15",15,0.010098847,"Real","Competidor 1 "
"16",16,0.009820539,"Real","Competidor 1 "
"17",17,0.010830448,"Real","Competidor 1 "
"18",18,0.009351851,"Real","Competidor 1 "
"19",19,0.01015624,"Real","Competidor 1 "
"20",20,0.009625601,"Real","Competidor 1 "
"21",21,0.011000152,"Real","Competidor 1 "
"22",22,0.010089549,"Real","Competidor 1 "
"23",23,0.011328111,"Real","Competidor 1 "
"24",24,0.010961208,"Real","Competidor 1 "
"25",25,0.011815058,"Real","Competidor 1 "
"26",26,0.010879914,"Real","Competidor 1 "
"27",27,0.010332457,"Real","Competidor 1 "
"28",28,0.009143148,"Real","Competidor 1 "
"29",29,0.009367201,"Real","Competidor 1 "
"30",30,0.009951921,"Real","Competidor 1 "
"31",31,0.009334967,"Real","Competidor 1 "
"32",32,0.009310887,"Real","Competidor 1 "
"33",33,0.00987447,"Real","Competidor 1 "
"34",34,0.010780715,"Real","Competidor 1 "
"35",35,0.009201264,"Real","Competidor 1 "
"36",36,0.009299401,"Real","Competidor 1 "
"37",37,0.009751975,"Real","Competidor 1 "
"38",38,0.01127014,"Real","Competidor 1 "
"39",39,0.009077253,"Real","Competidor 1 "
"40",40,0.008724768,"Real","Competidor 1 "
"41",41,0.009290066,"Real","Competidor 1 "
"42",42,0.009327853,"Real","Competidor 1 "
"43",43,0.01063517,"Real","Competidor 1 "
"44",44,0.008921956,"Real","Competidor 1 "
"45",45,0.009350879,"Real","Competidor 1 "
"46",46,0.009216273,"Real","Competidor 1 "
"47",47,0.010994738,"Real","Competidor 1 "
"48",48,0.008976697,"Real","Competidor 1 "
"49",49,0.00935972,"Real","Competidor 1 "
"50",50,0.009048677,"Real","Competidor 1 "
"51",51,0.01103468,"Real","Competidor 1 "
"52",52,0.009318699,"Real","Competidor 1 "
"53",53,0.010427509,"Real","Competidor 1 "
"54",54,0.00835714,"Real","Competidor 1 "
"55",55,0.009156739,"Real","Competidor 1 "
"56",56,0.010027776,"Real","Competidor 1 "
"57",57,0.008906671,"Real","Competidor 1 "
"58",58,0.008559015,"Real","Competidor 1 "
"59",59,0.009486181,"Real","Competidor 1 "
"60",60,0.010817093,"Real","Competidor 1 "
"61",61,0.008871343,"Real","Competidor 1 "
"62",62,0.008465143,"Real","Competidor 1 "
"63",63,0.009391324,"Real","Competidor 1 "
"64",64,0.010556768,"Real","Competidor 1 "
"65",65,0.008175698,"Real","Competidor 1 "
"66",66,0.008304569,"Real","Competidor 1 "
"67",67,0.009148034,"Real","Competidor 1 "
"68",68,0.008882711,"Real","Competidor 1 "
"69",69,0.010434879,"Real","Competidor 1 "
"70",70,0.009059396,"Real","Competidor 1 "
"71",71,0.009266811,"Real","Competidor 1 "
"72",72,0.00900237,"Real","Competidor 1 "
"73",73,0.010329711,"Real","Competidor 1 "
"74",74,0.008971774,"Real","Competidor 1 "
"75",75,0.010542504,"Real","Competidor 1 "
"76",76,0.009132378,"Real","Competidor 1 "
"77",77,0.008729281,"Real","Competidor 1 "
"78",78,0.008900658,"Real","Competidor 1 "
"79",79,0.008742683,"Real","Competidor 1 "
"80",80,0.009902555,"Real","Competidor 1 "
"81",81,0.008849138,"Real","Competidor 1 "
"82",82,0.00857071,"Real","Competidor 1 "
"83",83,0.009276732,"Real","Competidor 1 "
"84",84,0.00889131,"Real","Competidor 1 "
"85",85,0.009301004,"Real","Competidor 1 "
"86",86,0.01023237,"Real","Competidor 1 "
"87",87,0.00828213,"Real","Competidor 1 "
"88",88,0.00948424,"Real","Competidor 1 "
"89",89,0.010233644,"Real","Competidor 1 "
"90",90,0.009064318,"Real","Competidor 1 "
"91",91,0.008907604,"Real","Competidor 1 "
"92",92,0.008329987,"Real","Competidor 1 "
"93",93,0.008980398,"Real","Competidor 1 "
"94",94,0.008651353,"Real","Competidor 1 "
"95",95,0.009964703,"Real","Competidor 1 "
"96",96,0.0087856,"Real","Competidor 1 "
"97",97,0.008573705,"Real","Competidor 1 "
"98",98,0.00832959,"Real","Competidor 1 "
"99",99,0.009979779,"Real","Competidor 1 "
"100",100,0.010480331,"Real","Competidor 1 "
"101",101,0.012502673,"Real","Competidor 1 "
"102",102,0.011044201,"Real","Competidor 1 "
"103",103,0.010759171,"Real","Competidor 1 "
"104",104,0.008786315,"Real","Competidor 1 "
"105",105,0.008637886,"Real","Competidor 1 "
"106",106,0.008196305,"Real","Competidor 1 "
"107",107,0.009396603,"Real","Competidor 1 "
"108",108,0.010628756,"Real","Competidor 1 "
"109",109,0.009676418,"Real","Competidor 1 "
"110",110,0.009839737,"Real","Competidor 1 "
"111",111,0.012115925,"Real","Competidor 1 "
"112",112,0.007778281,"Real","Competidor 1 "
"113",113,0.009012071,"Real","Competidor 1 "
"114",114,0.008154109,"Real","Competidor 1 "
"115",115,0.008033066,"Real","Competidor 1 "
"116",116,0.008721979,"Real","Competidor 1 "
"117",117,0.010328198,"Real","Competidor 1 "
"118",118,0.008212537,"Real","Competidor 1 "
"119",119,0.008876156,"Real","Competidor 1 "
"120",120,0.00831643,"Real","Competidor 1 "
"121",121,0.008975683,"Real","Competidor 1 "
"122",122,0.009258544,"Real","Competidor 1 "
"123",123,0.009318407,"Real","Competidor 1 "
"124",124,0.009292808,"Real","Competidor 1 "
"125",125,0.00977454,"Real","Competidor 1 "
"126",126,0.008666714,"Real","Competidor 1 "
"127",127,0.008779259,"Real","Competidor 1 "
"128",128,0.00926619,"Real","Competidor 1 "
"129",129,0.010511161,"Real","Competidor 1 "
"130",130,0.011002379,"Real","Competidor 1 "
"131",131,0.009620565,"Real","Competidor 1 "
"132",132,0.008749683,"Real","Competidor 1 "
"133",133,0.008743736,"Real","Competidor 1 "
"134",134,0.009074382,"Real","Competidor 1 "
"135",135,0.009466449,"Real","Competidor 1 "
"136",136,0.008989475,"Real","Competidor 1 "
"137",137,0.009251425,"Real","Competidor 1 "
"138",138,0.009912177,"Real","Competidor 1 "
"139",139,0.008800882,"Real","Competidor 1 "
"140",140,0.00867351,"Real","Competidor 1 "
"141",141,0.008507612,"Real","Competidor 1 "
"142",142,0.009296483,"Real","Competidor 1 "
"143",143,0.01030891,"Real","Competidor 1 "
"144",144,0.008699644,"Real","Competidor 1 "
"145",145,0.008830556,"Real","Competidor 1 "
"146",146,0.008999412,"Real","Competidor 1 "
"147",147,0.009095483,"Real","Competidor 1 "
"148",148,0.009158464,"Real","Competidor 1 "
"149",149,0.010244588,"Real","Competidor 1 "
"150",150,0.009269674,"Real","Competidor 1 "
"151",151,0.009456898,"Real","Competidor 1 "
"152",152,0.008156314,"Real","Competidor 1 "
"153",153,0.008469434,"Real","Competidor 1 "
"154",154,0.008583941,"Real","Competidor 1 "
"155",155,0.008580178,"Real","Competidor 1 "
"156",156,0.009587188,"Real","Competidor 1 "
"157",157,0.007986544,"Real","Competidor 1 "
"158",158,0.009663721,"Real","Competidor 1 "
"159",159,0.009527397,"Real","Competidor 1 "
"160",160,0.008520165,"Real","Competidor 1 "
"161",161,0.008383518,"Real","Competidor 1 "
"162",162,0.008643369,"Real","Competidor 1 "
"163",163,0.008725413,"Real","Competidor 1 "
"164",164,0.010766423,"Real","Competidor 1 "
"165",165,0.008693073,"Real","Competidor 1 "
"166",166,0.008370106,"Real","Competidor 1 "
"167",167,0.010507723,"Real","Competidor 1 "
"168",168,0.008561547,"Real","Competidor 1 "
"169",169,0.009943354,"Real","Competidor 1 "
"170",170,0.007922421,"Real","Competidor 1 "
"171",171,0.008030427,"Real","Competidor 1 "
"172",172,0.008407826,"Real","Competidor 1 "
"173",173,0.008847623,"Real","Competidor 1 "
"174",174,0.008978056,"Real","Competidor 1 "
"175",175,0.008475915,"Real","Competidor 1 "
"176",176,0.00911427468015647,"Forecast","Competidor 1 "
"177",177,0.00953696436636966,"Forecast","Competidor 1 "
"178",178,0.00849290699469876,"Forecast","Competidor 1 "
"179",179,0.00845832586039771,"Forecast","Competidor 1 "
"180",180,0.00866610184169698,"Forecast","Competidor 1 "
"181",181,0.0103505849378632,"Forecast","Competidor 1 "
"182",182,0.0112703672443936,"Forecast","Competidor 1 "
"183",183,0.0092480832891378,"Forecast","Competidor 1 "
"184",184,0.00869319070724283,"Forecast","Competidor 1 "
"185",185,0.00852808934880321,"Forecast","Competidor 1 "
"186",186,0.00901209893684319,"Forecast","Competidor 1 "
"187",187,0.00938230191633615,"Forecast","Competidor 1 "
"188",176,0.00568623400279698,"IC_LO","Competidor 1 "
"189",177,0.00618762028393084,"IC_LO","Competidor 1 "
"190",178,0.00507979428393084,"IC_LO","Competidor 1 "
"191",179,0.00519233928393084,"IC_LO","Competidor 1 "
"192",180,0.00567927028393084,"IC_LO","Competidor 1 "
"193",181,0.00692424128393084,"IC_LO","Competidor 1 "
"194",182,0.00741545928393084,"IC_LO","Competidor 1 "
"195",183,0.00603364528393084,"IC_LO","Competidor 1 "
"196",184,0.00516276328393084,"IC_LO","Competidor 1 "
"197",185,0.00515681628393084,"IC_LO","Competidor 1 "
"198",186,0.00548746228393084,"IC_LO","Competidor 1 "
"199",187,0.00587952928393084,"IC_LO","Competidor 1 "
"200",176,0.0118879111660381,"IC_HI","Competidor 1 "
"201",177,0.0126208652513456,"IC_HI","Competidor 1 "
"202",178,0.0115130392513456,"IC_HI","Competidor 1 "
"203",179,0.0116255842513456,"IC_HI","Competidor 1 "
"204",180,0.0121125152513456,"IC_HI","Competidor 1 "
"205",181,0.0133574862513456,"IC_HI","Competidor 1 "
"206",182,0.0138487042513456,"IC_HI","Competidor 1 "
"207",183,0.0124668902513456,"IC_HI","Competidor 1 "
"208",184,0.0115960082513456,"IC_HI","Competidor 1 "
"209",185,0.0115900612513456,"IC_HI","Competidor 1 "
"210",186,0.0119207072513456,"IC_HI","Competidor 1 "
"211",187,0.0123127742513456,"IC_HI","Competidor 1 "
"212",1,0.184441037,"Real","Competidor 2 "
"213",2,0.190013717,"Real","Competidor 2 "
"214",3,0.190846071,"Real","Competidor 2 "
"215",4,0.192001029,"Real","Competidor 2 "
"216",5,0.187513468,"Real","Competidor 2 "
"217",6,0.184438211,"Real","Competidor 2 "
"218",7,0.190832806,"Real","Competidor 2 "
"219",8,0.193137269,"Real","Competidor 2 "
"220",9,0.190038413,"Real","Competidor 2 "
"221",10,0.185628717,"Real","Competidor 2 "
"222",11,0.181422738,"Real","Competidor 2 "
"223",12,0.181027537,"Real","Competidor 2 "
"224",13,0.19241902,"Real","Competidor 2 "
"225",14,0.190409243,"Real","Competidor 2 "
"226",15,0.190403235,"Real","Competidor 2 "
"227",16,0.186113171,"Real","Competidor 2 "
"228",17,0.184598367,"Real","Competidor 2 "
"229",18,0.192039751,"Real","Competidor 2 "
"230",19,0.191316862,"Real","Competidor 2 "
"231",20,0.185823875,"Real","Competidor 2 "
"232",21,0.184305524,"Real","Competidor 2 "
"233",22,0.190223171,"Real","Competidor 2 "
"234",23,0.19026778,"Real","Competidor 2 "
"235",24,0.206197708,"Real","Competidor 2 "
"236",25,0.198742636,"Real","Competidor 2 "
"237",26,0.204834056,"Real","Competidor 2 "
"238",27,0.187622351,"Real","Competidor 2 "
"239",28,0.189958794,"Real","Competidor 2 "
"240",29,0.18993407,"Real","Competidor 2 "
"241",30,0.185487196,"Real","Competidor 2 "
"242",31,0.196010037,"Real","Competidor 2 "
"243",32,0.189800445,"Real","Competidor 2 "
"244",33,0.190406313,"Real","Competidor 2 "
"245",34,0.185035779,"Real","Competidor 2 "
"246",35,0.193726266,"Real","Competidor 2 "
"247",36,0.192683875,"Real","Competidor 2 "
"248",37,0.188268635,"Real","Competidor 2 "
"249",38,0.18406407,"Real","Competidor 2 "
"250",39,0.195074244,"Real","Competidor 2 "
"251",40,0.190067391,"Real","Competidor 2 "
"252",41,0.188843238,"Real","Competidor 2 "
"253",42,0.189654062,"Real","Competidor 2 "
"254",43,0.184001728,"Real","Competidor 2 "
"255",44,0.187038209,"Real","Competidor 2 "
"256",45,0.192274001,"Real","Competidor 2 "
"257",46,0.183789556,"Real","Competidor 2 "
"258",47,0.18719296,"Real","Competidor 2 "
"259",48,0.186571578,"Real","Competidor 2 "
"260",49,0.191202216,"Real","Competidor 2 "
"261",50,0.185630333,"Real","Competidor 2 "
"262",51,0.18092755,"Real","Competidor 2 "
"263",52,0.185234898,"Real","Competidor 2 "
"264",53,0.185454643,"Real","Competidor 2 "
"265",54,0.187047937,"Real","Competidor 2 "
"266",55,0.184593701,"Real","Competidor 2 "
"267",56,0.18255411,"Real","Competidor 2 "
"268",57,0.19098961,"Real","Competidor 2 "
"269",58,0.186945427,"Real","Competidor 2 "
"270",59,0.186451977,"Real","Competidor 2 "
"271",60,0.178836861,"Real","Competidor 2 "
"272",61,0.187861005,"Real","Competidor 2 "
"273",62,0.186328226,"Real","Competidor 2 "
"274",63,0.184905151,"Real","Competidor 2 "
"275",64,0.18018763,"Real","Competidor 2 "
"276",65,0.175724577,"Real","Competidor 2 "
"277",66,0.182587603,"Real","Competidor 2 "
"278",67,0.175764368,"Real","Competidor 2 "
"279",68,0.179719085,"Real","Competidor 2 "
"280",69,0.176241138,"Real","Competidor 2 "
"281",70,0.185363597,"Real","Competidor 2 "
"282",71,0.191330197,"Real","Competidor 2 "
"283",72,0.180331074,"Real","Competidor 2 "
"284",73,0.182209939,"Real","Competidor 2 "
"285",74,0.186319801,"Real","Competidor 2 "
"286",75,0.183713021,"Real","Competidor 2 "
"287",76,0.194684813,"Real","Competidor 2 "
"288",77,0.189637802,"Real","Competidor 2 "
"289",78,0.188153632,"Real","Competidor 2 "
"290",79,0.186794348,"Real","Competidor 2 "
"291",80,0.182710607,"Real","Competidor 2 "
"292",81,0.194412318,"Real","Competidor 2 "
"293",82,0.19073707,"Real","Competidor 2 "
"294",83,0.191528689,"Real","Competidor 2 "
"295",84,0.189216837,"Real","Competidor 2 "
"296",85,0.18797152,"Real","Competidor 2 "
"297",86,0.185024399,"Real","Competidor 2 "
"298",87,0.191430298,"Real","Competidor 2 "
"299",88,0.188627415,"Real","Competidor 2 "
"300",89,0.185029678,"Real","Competidor 2 "
"301",90,0.19956258,"Real","Competidor 2 "
"302",91,0.193501217,"Real","Competidor 2 "
"303",92,0.190030637,"Real","Competidor 2 "
"304",93,0.190123265,"Real","Competidor 2 "
"305",94,0.182293637,"Real","Competidor 2 "
"306",95,0.184620076,"Real","Competidor 2 "
"307",96,0.187508481,"Real","Competidor 2 "
"308",97,0.187189393,"Real","Competidor 2 "
"309",98,0.179169597,"Real","Competidor 2 "
"310",99,0.181745189,"Real","Competidor 2 "
"311",100,0.186551772,"Real","Competidor 2 "
"312",101,0.179531673,"Real","Competidor 2 "
"313",102,0.178672476,"Real","Competidor 2 "
"314",103,0.182240335,"Real","Competidor 2 "
"315",104,0.181631705,"Real","Competidor 2 "
"316",105,0.193638826,"Real","Competidor 2 "
"317",106,0.182882682,"Real","Competidor 2 "
"318",107,0.181084248,"Real","Competidor 2 "
"319",108,0.182556674,"Real","Competidor 2 "
"320",109,0.182638439,"Real","Competidor 2 "
"321",110,0.180030452,"Real","Competidor 2 "
"322",111,0.194379018,"Real","Competidor 2 "
"323",112,0.177453495,"Real","Competidor 2 "
"324",113,0.182434446,"Real","Competidor 2 "
"325",114,0.186811171,"Real","Competidor 2 "
"326",115,0.180012972,"Real","Competidor 2 "
"327",116,0.176134683,"Real","Competidor 2 "
"328",117,0.172563949,"Real","Competidor 2 "
"329",118,0.186416014,"Real","Competidor 2 "
"330",119,0.184585554,"Real","Competidor 2 "
"331",120,0.183581666,"Real","Competidor 2 "
"332",121,0.177347795,"Real","Competidor 2 "
"333",122,0.177816394,"Real","Competidor 2 "
"334",123,0.183137506,"Real","Competidor 2 "
"335",124,0.18184058,"Real","Competidor 2 "
"336",125,0.183265526,"Real","Competidor 2 "
"337",126,0.19283524,"Real","Competidor 2 "
"338",127,0.197551005,"Real","Competidor 2 "
"339",128,0.188779398,"Real","Competidor 2 "
"340",129,0.18556454,"Real","Competidor 2 "
"341",130,0.182259632,"Real","Competidor 2 "
"342",131,0.192886831,"Real","Competidor 2 "
"343",132,0.191860505,"Real","Competidor 2 "
"344",133,0.190394608,"Real","Competidor 2 "
"345",134,0.185145514,"Real","Competidor 2 "
"346",135,0.183044105,"Real","Competidor 2 "
"347",136,0.189790866,"Real","Competidor 2 "
"348",137,0.189742338,"Real","Competidor 2 "
"349",138,0.186128071,"Real","Competidor 2 "
"350",139,0.190976108,"Real","Competidor 2 "
"351",140,0.194339952,"Real","Competidor 2 "
"352",141,0.192136004,"Real","Competidor 2 "
"353",142,0.191563243,"Real","Competidor 2 "
"354",143,0.178819076,"Real","Competidor 2 "
"355",144,0.191478354,"Real","Competidor 2 "
"356",145,0.190021715,"Real","Competidor 2 "
"357",146,0.186481486,"Real","Competidor 2 "
"358",147,0.179058185,"Real","Competidor 2 "
"359",148,0.185532103,"Real","Competidor 2 "
"360",149,0.184510438,"Real","Competidor 2 "
"361",150,0.188157518,"Real","Competidor 2 "
"362",151,0.179131852,"Real","Competidor 2 "
"363",152,0.18437146,"Real","Competidor 2 "
"364",153,0.182597945,"Real","Competidor 2 "
"365",154,0.191212587,"Real","Competidor 2 "
"366",155,0.187861872,"Real","Competidor 2 "
"367",156,0.177030685,"Real","Competidor 2 "
"368",157,0.18236164,"Real","Competidor 2 "
"369",158,0.177464312,"Real","Competidor 2 "
"370",159,0.180049546,"Real","Competidor 2 "
"371",160,0.186399533,"Real","Competidor 2 "
"372",161,0.185333542,"Real","Competidor 2 "
"373",162,0.188393832,"Real","Competidor 2 "
"374",163,0.184271561,"Real","Competidor 2 "
"375",164,0.175805242,"Real","Competidor 2 "
"376",165,0.179157783,"Real","Competidor 2 "
"377",166,0.185482369,"Real","Competidor 2 "
"378",167,0.182197245,"Real","Competidor 2 "
"379",168,0.181062628,"Real","Competidor 2 "
"380",169,0.176868601,"Real","Competidor 2 "
"381",170,0.182873552,"Real","Competidor 2 "
"382",171,0.178689365,"Real","Competidor 2 "
"383",172,0.1839707,"Real","Competidor 2 "
"384",173,0.1848641,"Real","Competidor 2 "
"385",174,0.17932059,"Real","Competidor 2 "
"386",175,0.182972025,"Real","Competidor 2 "
"387",176,0.180583848456648,"Forecast","Competidor 2 "
"388",177,0.181794349712788,"Forecast","Competidor 2 "
"389",178,0.189602824222913,"Forecast","Competidor 2 "
"390",179,0.191707042238379,"Forecast","Competidor 2 "
"391",180,0.190903709924773,"Forecast","Competidor 2 "
"392",181,0.187108213947412,"Forecast","Competidor 2 "
"393",182,0.185924388351412,"Forecast","Competidor 2 "
"394",183,0.189223148096739,"Forecast","Competidor 2 "
"395",184,0.188176907509031,"Forecast","Competidor 2 "
"396",185,0.19008343608188,"Forecast","Competidor 2 "
"397",186,0.185492296500296,"Forecast","Competidor 2 "
"398",187,0.185756373222098,"Forecast","Competidor 2 "
"399",176,0.165844432610135,"IC_LO","Competidor 2 "
"400",177,0.166963815176177,"IC_LO","Competidor 2 "
"401",178,0.174669579636711,"IC_LO","Competidor 2 "
"402",179,0.176900053829151,"IC_LO","Competidor 2 "
"403",180,0.176357358815984,"IC_LO","Competidor 2 "
"404",181,0.172104208122986,"IC_LO","Competidor 2 "
"405",182,0.170473752685003,"IC_LO","Competidor 2 "
"406",183,0.174394947448572,"IC_LO","Competidor 2 "
"407",184,0.17301470575764,"IC_LO","Competidor 2 "
"408",185,0.17506239903735,"IC_LO","Competidor 2 "
"409",186,0.170299927992019,"IC_LO","Competidor 2 "
"410",187,0.170567922527877,"IC_LO","Competidor 2 "
"411",176,0.194668860111684,"IC_HI","Competidor 2 "
"412",177,0.196359441051936,"IC_HI","Competidor 2 "
"413",178,0.204143088354993,"IC_HI","Competidor 2 "
"414",179,0.206415302462089,"IC_HI","Competidor 2 "
"415",180,0.205909642885445,"IC_HI","Competidor 2 "
"416",181,0.201692777431387,"IC_HI","Competidor 2 "
"417",182,0.20009845306431,"IC_HI","Competidor 2 "
"418",183,0.204055717701907,"IC_HI","Competidor 2 "
"419",184,0.202711499381213,"IC_HI","Competidor 2 "
"420",185,0.204795171964081,"IC_HI","Competidor 2 "
"421",186,0.200068636670162,"IC_HI","Competidor 2 "
"422",187,0.200372523618924,"IC_HI","Competidor 2 "
"423",1,0.017447444,"Real","Competidor 3 "
"424",2,0.011298567,"Real","Competidor 3 "
"425",3,0.012345938,"Real","Competidor 3 "
"426",4,0.012448722,"Real","Competidor 3 "
"427",5,0.017163672,"Real","Competidor 3 "
"428",6,0.015083446,"Real","Competidor 3 "
"429",7,0.011318809,"Real","Competidor 3 "
"430",8,0.011859726,"Real","Competidor 3 "
"431",9,0.013295412,"Real","Competidor 3 "
"432",10,0.013044621,"Real","Competidor 3 "
"433",11,0.017538312,"Real","Competidor 3 "
"434",12,0.016344494,"Real","Competidor 3 "
"435",13,0.011058741,"Real","Competidor 3 "
"436",14,0.011472737,"Real","Competidor 3 "
"437",15,0.012528109,"Real","Competidor 3 "
"438",16,0.014210899,"Real","Competidor 3 "
"439",17,0.017141731,"Real","Competidor 3 "
"440",18,0.010776455,"Real","Competidor 3 "
"441",19,0.012174012,"Real","Competidor 3 "
"442",20,0.014064725,"Real","Competidor 3 "
"443",21,0.016019733,"Real","Competidor 3 "
"444",22,0.012773762,"Real","Competidor 3 "
"445",23,0.018433736,"Real","Competidor 3 "
"446",24,0.010824573,"Real","Competidor 3 "
"447",25,0.014039155,"Real","Competidor 3 "
"448",26,0.010717113,"Real","Competidor 3 "
"449",27,0.015076721,"Real","Competidor 3 "
"450",28,0.010526891,"Real","Competidor 3 "
"451",29,0.014267974,"Real","Competidor 3 "
"452",30,0.014129507,"Real","Competidor 3 "
"453",31,0.010890767,"Real","Competidor 3 "
"454",32,0.012033133,"Real","Competidor 3 "
"455",33,0.01602807,"Real","Competidor 3 "
"456",34,0.015275604,"Real","Competidor 3 "
"457",35,0.010797213,"Real","Competidor 3 "
"458",36,0.011769236,"Real","Competidor 3 "
"459",37,0.016612311,"Real","Competidor 3 "
"460",38,0.015727471,"Real","Competidor 3 "
"461",39,0.009814856,"Real","Competidor 3 "
"462",40,0.010951735,"Real","Competidor 3 "
"463",41,0.01267106,"Real","Competidor 3 "
"464",42,0.014411648,"Real","Competidor 3 "
"465",43,0.016661139,"Real","Competidor 3 "
"466",44,0.010253056,"Real","Competidor 3 "
"467",45,0.011395635,"Real","Competidor 3 "
"468",46,0.01410292,"Real","Competidor 3 "
"469",47,0.016811636,"Real","Competidor 3 "
"470",48,0.010810883,"Real","Competidor 3 "
"471",49,0.011458778,"Real","Competidor 3 "
"472",50,0.013302831,"Real","Competidor 3 "
"473",51,0.019779969,"Real","Competidor 3 "
"474",52,0.011457271,"Real","Competidor 3 "
"475",53,0.014384501,"Real","Competidor 3 "
"476",54,0.00952284,"Real","Competidor 3 "
"477",55,0.013410684,"Real","Competidor 3 "
"478",56,0.013797173,"Real","Competidor 3 "
"479",57,0.010138839,"Real","Competidor 3 "
"480",58,0.011002169,"Real","Competidor 3 "
"481",59,0.016078921,"Real","Competidor 3 "
"482",60,0.015073327,"Real","Competidor 3 "
"483",61,0.010715356,"Real","Competidor 3 "
"484",62,0.010880482,"Real","Competidor 3 "
"485",63,0.016489937,"Real","Competidor 3 "
"486",64,0.015067491,"Real","Competidor 3 "
"487",65,0.010521483,"Real","Competidor 3 "
"488",66,0.010338812,"Real","Competidor 3 "
"489",67,0.012434819,"Real","Competidor 3 "
"490",68,0.012639847,"Real","Competidor 3 "
"491",69,0.019047012,"Real","Competidor 3 "
"492",70,0.010738075,"Real","Competidor 3 "
"493",71,0.010386625,"Real","Competidor 3 "
"494",72,0.013145233,"Real","Competidor 3 "
"495",73,0.015722601,"Real","Competidor 3 "
"496",74,0.013157465,"Real","Competidor 3 "
"497",75,0.016188374,"Real","Competidor 3 "
"498",76,0.010017697,"Real","Competidor 3 "
"499",77,0.009495702,"Real","Competidor 3 "
"500",78,0.010069891,"Real","Competidor 3 "
"501",79,0.013063608,"Real","Competidor 3 "
"502",80,0.014400054,"Real","Competidor 3 "
"503",81,0.009941281,"Real","Competidor 3 "
"504",82,0.010274429,"Real","Competidor 3 "
"505",83,0.011371004,"Real","Competidor 3 "
"506",84,0.011641523,"Real","Competidor 3 "
"507",85,0.015118368,"Real","Competidor 3 "
"508",86,0.014481421,"Real","Competidor 3 "
"509",87,0.009822491,"Real","Competidor 3 "
"510",88,0.014916723,"Real","Competidor 3 "
"511",89,0.01548637,"Real","Competidor 3 "
"512",90,0.009243785,"Real","Competidor 3 "
"513",91,0.009975164,"Real","Competidor 3 "
"514",92,0.009827313,"Real","Competidor 3 "
"515",93,0.011024974,"Real","Competidor 3 "
"516",94,0.012863484,"Real","Competidor 3 "
"517",95,0.015380366,"Real","Competidor 3 "
"518",96,0.009888328,"Real","Competidor 3 "
"519",97,0.010304341,"Real","Competidor 3 "
"520",98,0.012825807,"Real","Competidor 3 "
"521",99,0.014955533,"Real","Competidor 3 "
"522",100,0.013516389,"Real","Competidor 3 "
"523",101,0.017739952,"Real","Competidor 3 "
"524",102,0.015226949,"Real","Competidor 3 "
"525",103,0.014620843,"Real","Competidor 3 "
"526",104,0.010225926,"Real","Competidor 3 "
"527",105,0.008805389,"Real","Competidor 3 "
"528",106,0.009671459,"Real","Competidor 3 "
"529",107,0.013495516,"Real","Competidor 3 "
"530",108,0.014733044,"Real","Competidor 3 "
"531",109,0.012702204,"Real","Competidor 3 "
"532",110,0.015701974,"Real","Competidor 3 "
"533",111,0.013888135,"Real","Competidor 3 "
"534",112,0.011419345,"Real","Competidor 3 "
"535",113,0.011260815,"Real","Competidor 3 "
"536",114,0.009352553,"Real","Competidor 3 "
"537",115,0.01091509,"Real","Competidor 3 "
"538",116,0.014525282,"Real","Competidor 3 "
"539",117,0.017301037,"Real","Competidor 3 "
"540",118,0.009083418,"Real","Competidor 3 "
"541",119,0.01073186,"Real","Competidor 3 "
"542",120,0.010047331,"Real","Competidor 3 "
"543",121,0.014445594,"Real","Competidor 3 "
"544",122,0.014595796,"Real","Competidor 3 "
"545",123,0.011808447,"Real","Competidor 3 "
"546",124,0.013707882,"Real","Competidor 3 "
"547",125,0.014704976,"Real","Competidor 3 "
"548",126,0.009921264,"Real","Competidor 3 "
"549",127,0.009457231,"Real","Competidor 3 "
"550",128,0.009837853,"Real","Competidor 3 "
"551",129,0.014321172,"Real","Competidor 3 "
"552",130,0.01706666,"Real","Competidor 3 "
"553",131,0.00961689,"Real","Competidor 3 "
"554",132,0.009790183,"Real","Competidor 3 "
"555",133,0.010114597,"Real","Competidor 3 "
"556",134,0.013827792,"Real","Competidor 3 "
"557",135,0.014677642,"Real","Competidor 3 "
"558",136,0.011224444,"Real","Competidor 3 "
"559",137,0.01321589,"Real","Competidor 3 "
"560",138,0.014737913,"Real","Competidor 3 "
"561",139,0.009627916,"Real","Competidor 3 "
"562",140,0.009215323,"Real","Competidor 3 "
"563",141,0.009777327,"Real","Competidor 3 "
"564",142,0.011889179,"Real","Competidor 3 "
"565",143,0.018428701,"Real","Competidor 3 "
"566",144,0.0098899,"Real","Competidor 3 "
"567",145,0.01075359,"Real","Competidor 3 "
"568",146,0.012754489,"Real","Competidor 3 "
"569",147,0.013833325,"Real","Competidor 3 "
"570",148,0.011308846,"Real","Competidor 3 "
"571",149,0.012929437,"Real","Competidor 3 "
"572",150,0.012287219,"Real","Competidor 3 "
"573",151,0.015056038,"Real","Competidor 3 "
"574",152,0.010168414,"Real","Competidor 3 "
"575",153,0.011001751,"Real","Competidor 3 "
"576",154,0.010169522,"Real","Competidor 3 "
"577",155,0.011488465,"Real","Competidor 3 "
"578",156,0.017007202,"Real","Competidor 3 "
"579",157,0.009704802,"Real","Competidor 3 "
"580",158,0.016776043,"Real","Competidor 3 "
"581",159,0.012623959,"Real","Competidor 3 "
"582",160,0.009961913,"Real","Competidor 3 "
"583",161,0.010358535,"Real","Competidor 3 "
"584",162,0.012517382,"Real","Competidor 3 "
"585",163,0.011994152,"Real","Competidor 3 "
"586",164,0.018937517,"Real","Competidor 3 "
"587",165,0.01061481,"Real","Competidor 3 "
"588",166,0.010418503,"Real","Competidor 3 "
"589",167,0.012602238,"Real","Competidor 3 "
"590",168,0.011475069,"Real","Competidor 3 "
"591",169,0.01619786,"Real","Competidor 3 "
"592",170,0.009998759,"Real","Competidor 3 "
"593",171,0.0107797,"Real","Competidor 3 "
"594",172,0.012235387,"Real","Competidor 3 "
"595",173,0.01253661,"Real","Competidor 3 "
"596",174,0.015613704,"Real","Competidor 3 "
"597",175,0.012640129,"Real","Competidor 3 "
"598",176,0.0132315873045351,"Forecast","Competidor 3 "
"599",177,0.014521205259826,"Forecast","Competidor 3 "
"600",178,0.0105064930068474,"Forecast","Competidor 3 "
"601",179,0.0114191532157001,"Forecast","Competidor 3 "
"602",180,0.00905343921052662,"Forecast","Competidor 3 "
"603",181,0.0126306454286236,"Forecast","Competidor 3 "
"604",182,0.0146056025571561,"Forecast","Competidor 3 "
"605",183,0.0103449009375695,"Forecast","Competidor 3 "
"606",184,0.0105871984749542,"Forecast","Competidor 3 "
"607",185,0.0099828642887672,"Forecast","Competidor 3 "
"608",186,0.0126066930840383,"Forecast","Competidor 3 "
"609",187,0.0130380053759369,"Forecast","Competidor 3 "
"610",176,0.00525614148316521,"IC_LO","Competidor 3 "
"611",177,0.00674023993546369,"IC_LO","Competidor 3 "
"612",178,0.00266175905415594,"IC_LO","Competidor 3 "
"613",179,0.00372154539730974,"IC_LO","Competidor 3 "
"614",180,0.00163498641083694,"IC_LO","Competidor 3 "
"615",181,0.00477268053276775,"IC_LO","Competidor 3 "
"616",182,0.00631907335476982,"IC_LO","Competidor 3 "
"617",183,0.00269884169043901,"IC_LO","Competidor 3 "
"618",184,0.00262514980971872,"IC_LO","Competidor 3 "
"619",185,0.00217996998197129,"IC_LO","Competidor 3 "
"620",186,0.00465043518920246,"IC_LO","Competidor 3 "
"621",187,0.00510361150160811,"IC_LO","Competidor 3 "
"622",176,0.0205526289344279,"IC_HI","Competidor 3 "
"623",177,0.0220367273867264,"IC_HI","Competidor 3 "
"624",178,0.0179582465054186,"IC_HI","Competidor 3 "
"625",179,0.0190180328485724,"IC_HI","Competidor 3 "
"626",180,0.0169314738620996,"IC_HI","Competidor 3 "
"627",181,0.0200691679840304,"IC_HI","Competidor 3 "
"628",182,0.0216155608060325,"IC_HI","Competidor 3 "
"629",183,0.0179953291417017,"IC_HI","Competidor 3 "
"630",184,0.0179216372609814,"IC_HI","Competidor 3 "
"631",185,0.017476457433234,"IC_HI","Competidor 3 "
"632",186,0.0199469226404651,"IC_HI","Competidor 3 "
"633",187,0.0204000989528708,"IC_HI","Competidor 3 "
"634",1,0.153846145,"Real","Competidor 4 "
"635",2,0.154274399,"Real","Competidor 4 "
"636",3,0.152384759,"Real","Competidor 4 "
"637",4,0.154988209,"Real","Competidor 4 "
"638",5,0.154475286,"Real","Competidor 4 "
"639",6,0.151267701,"Real","Competidor 4 "
"640",7,0.154163638,"Real","Competidor 4 "
"641",8,0.154485433,"Real","Competidor 4 "
"642",9,0.155995842,"Real","Competidor 4 "
"643",10,0.156708297,"Real","Competidor 4 "
"644",11,0.153999549,"Real","Competidor 4 "
"645",12,0.155240696,"Real","Competidor 4 "
"646",13,0.154265537,"Real","Competidor 4 "
"647",14,0.155977729,"Real","Competidor 4 "
"648",15,0.153941852,"Real","Competidor 4 "
"649",16,0.156820182,"Real","Competidor 4 "
"650",17,0.152975326,"Real","Competidor 4 "
"651",18,0.156177848,"Real","Competidor 4 "
"652",19,0.154047645,"Real","Competidor 4 "
"653",20,0.154921887,"Real","Competidor 4 "
"654",21,0.152833798,"Real","Competidor 4 "
"655",22,0.156317065,"Real","Competidor 4 "
"656",23,0.152035845,"Real","Competidor 4 "
"657",24,0.150896071,"Real","Competidor 4 "
"658",25,0.151532588,"Real","Competidor 4 "
"659",26,0.15245307,"Real","Competidor 4 "
"660",27,0.152404481,"Real","Competidor 4 "
"661",28,0.157712972,"Real","Competidor 4 "
"662",29,0.153333697,"Real","Competidor 4 "
"663",30,0.154094729,"Real","Competidor 4 "
"664",31,0.153707563,"Real","Competidor 4 "
"665",32,0.156642939,"Real","Competidor 4 "
"666",33,0.153164043,"Real","Competidor 4 "
"667",34,0.154319264,"Real","Competidor 4 "
"668",35,0.154150105,"Real","Competidor 4 "
"669",36,0.156024739,"Real","Competidor 4 "
"670",37,0.153298725,"Real","Competidor 4 "
"671",38,0.153780739,"Real","Competidor 4 "
"672",39,0.155503472,"Real","Competidor 4 "
"673",40,0.157493661,"Real","Competidor 4 "
"674",41,0.154553051,"Real","Competidor 4 "
"675",42,0.153965213,"Real","Competidor 4 "
"676",43,0.155096392,"Real","Competidor 4 "
"677",44,0.157967771,"Real","Competidor 4 "
"678",45,0.151627096,"Real","Competidor 4 "
"679",46,0.1542424,"Real","Competidor 4 "
"680",47,0.152168238,"Real","Competidor 4 "
"681",48,0.158558573,"Real","Competidor 4 "
"682",49,0.15337879,"Real","Competidor 4 "
"683",50,0.154980774,"Real","Competidor 4 "
"684",51,0.151125577,"Real","Competidor 4 "
"685",52,0.158179188,"Real","Competidor 4 "
"686",53,0.154479481,"Real","Competidor 4 "
"687",54,0.157155908,"Real","Competidor 4 "
"688",55,0.153949352,"Real","Competidor 4 "
"689",56,0.15493495,"Real","Competidor 4 "
"690",57,0.156815964,"Real","Competidor 4 "
"691",58,0.15766299,"Real","Competidor 4 "
"692",59,0.151599525,"Real","Competidor 4 "
"693",60,0.154760259,"Real","Competidor 4 "
"694",61,0.156679515,"Real","Competidor 4 "
"695",62,0.156541991,"Real","Competidor 4 "
"696",63,0.15291223,"Real","Competidor 4 "
"697",64,0.15236335,"Real","Competidor 4 "
"698",65,0.158492787,"Real","Competidor 4 "
"699",66,0.158440651,"Real","Competidor 4 "
"700",67,0.163572595,"Real","Competidor 4 "
"701",68,0.157468829,"Real","Competidor 4 "
"702",69,0.157133557,"Real","Competidor 4 "
"703",70,0.16170061,"Real","Competidor 4 "
"704",71,0.156049482,"Real","Competidor 4 "
"705",72,0.156314692,"Real","Competidor 4 "
"706",73,0.155748586,"Real","Competidor 4 "
"707",74,0.156197691,"Real","Competidor 4 "
"708",75,0.151646105,"Real","Competidor 4 "
"709",76,0.155021862,"Real","Competidor 4 "
"710",77,0.156378015,"Real","Competidor 4 "
"711",78,0.15905931,"Real","Competidor 4 "
"712",79,0.155784659,"Real","Competidor 4 "
"713",80,0.157190921,"Real","Competidor 4 "
"714",81,0.155983318,"Real","Competidor 4 "
"715",82,0.157472004,"Real","Competidor 4 "
"716",83,0.156482046,"Real","Competidor 4 "
"717",84,0.156155362,"Real","Competidor 4 "
"718",85,0.154543867,"Real","Competidor 4 "
"719",86,0.155660932,"Real","Competidor 4 "
"720",87,0.156558436,"Real","Competidor 4 "
"721",88,0.15370059,"Real","Competidor 4 "
"722",89,0.156323717,"Real","Competidor 4 "
"723",90,0.153354705,"Real","Competidor 4 "
"724",91,0.156759703,"Real","Competidor 4 "
"725",92,0.157207496,"Real","Competidor 4 "
"726",93,0.155776146,"Real","Competidor 4 "
"727",94,0.156192483,"Real","Competidor 4 "
"728",95,0.155973464,"Real","Competidor 4 "
"729",96,0.158902034,"Real","Competidor 4 "
"730",97,0.156868666,"Real","Competidor 4 "
"731",98,0.156230798,"Real","Competidor 4 "
"732",99,0.155502169,"Real","Competidor 4 "
"733",100,0.154210777,"Real","Competidor 4 "
"734",101,0.153269527,"Real","Competidor 4 "
"735",102,0.152100567,"Real","Competidor 4 "
"736",103,0.154477694,"Real","Competidor 4 "
"737",104,0.159615272,"Real","Competidor 4 "
"738",105,0.1557254,"Real","Competidor 4 "
"739",106,0.159027172,"Real","Competidor 4 "
"740",107,0.156215406,"Real","Competidor 4 "
"741",108,0.156171434,"Real","Competidor 4 "
"742",109,0.157259762,"Real","Competidor 4 "
"743",110,0.156347412,"Real","Competidor 4 "
"744",111,0.14358394,"Real","Competidor 4 "
"745",112,0.162327667,"Real","Competidor 4 "
"746",113,0.158060896,"Real","Competidor 4 "
"747",114,0.157229375,"Real","Competidor 4 "
"748",115,0.159816008,"Real","Competidor 4 "
"749",116,0.156698807,"Real","Competidor 4 "
"750",117,0.157651684,"Real","Competidor 4 "
"751",118,0.159151928,"Real","Competidor 4 "
"752",119,0.15829565,"Real","Competidor 4 "
"753",120,0.158098311,"Real","Competidor 4 "
"754",121,0.157784667,"Real","Competidor 4 "
"755",122,0.156697304,"Real","Competidor 4 "
"756",123,0.154457559,"Real","Competidor 4 "
"757",124,0.155015694,"Real","Competidor 4 "
"758",125,0.155830026,"Real","Competidor 4 "
"759",126,0.15565241,"Real","Competidor 4 "
"760",127,0.153486296,"Real","Competidor 4 "
"761",128,0.15668257,"Real","Competidor 4 "
"762",129,0.154004214,"Real","Competidor 4 "
"763",130,0.153027084,"Real","Competidor 4 "
"764",131,0.156774633,"Real","Competidor 4 "
"765",132,0.155691632,"Real","Competidor 4 "
"766",133,0.155701939,"Real","Competidor 4 "
"767",134,0.156506028,"Real","Competidor 4 "
"768",135,0.154275665,"Real","Competidor 4 "
"769",136,0.154323286,"Real","Competidor 4 "
"770",137,0.154772263,"Real","Competidor 4 "
"771",138,0.155995478,"Real","Competidor 4 "
"772",139,0.154170686,"Real","Competidor 4 "
"773",140,0.155123174,"Real","Competidor 4 "
"774",141,0.153432917,"Real","Competidor 4 "
"775",142,0.153585779,"Real","Competidor 4 "
"776",143,0.158044767,"Real","Competidor 4 "
"777",144,0.155442675,"Real","Competidor 4 "
"778",145,0.155889669,"Real","Competidor 4 "
"779",146,0.156117875,"Real","Competidor 4 "
"780",147,0.156813591,"Real","Competidor 4 "
"781",148,0.157326985,"Real","Competidor 4 "
"782",149,0.153921678,"Real","Competidor 4 "
"783",150,0.155030434,"Real","Competidor 4 "
"784",151,0.154682184,"Real","Competidor 4 "
"785",152,0.159572013,"Real","Competidor 4 "
"786",153,0.157916203,"Real","Competidor 4 "
"787",154,0.155310989,"Real","Competidor 4 "
"788",155,0.154971968,"Real","Competidor 4 "
"789",156,0.155191313,"Real","Competidor 4 "
"790",157,0.158619607,"Real","Competidor 4 "
"791",158,0.155779156,"Real","Competidor 4 "
"792",159,0.153730341,"Real","Competidor 4 "
"793",160,0.156810229,"Real","Competidor 4 "
"794",161,0.156836421,"Real","Competidor 4 "
"795",162,0.156033193,"Real","Competidor 4 "
"796",163,0.155884123,"Real","Competidor 4 "
"797",164,0.153919252,"Real","Competidor 4 "
"798",165,0.159482862,"Real","Competidor 4 "
"799",166,0.15825222,"Real","Competidor 4 "
"800",167,0.154423512,"Real","Competidor 4 "
"801",168,0.15819305,"Real","Competidor 4 "
"802",169,0.153740671,"Real","Competidor 4 "
"803",170,0.159622363,"Real","Competidor 4 "
"804",171,0.161988625,"Real","Competidor 4 "
"805",172,0.15496821,"Real","Competidor 4 "
"806",173,0.155677818,"Real","Competidor 4 "
"807",174,0.154831193,"Real","Competidor 4 "
"808",175,0.157670351,"Real","Competidor 4 "
"809",176,0.155167444277889,"Forecast","Competidor 4 "
"810",177,0.155787295780882,"Forecast","Competidor 4 "
"811",178,0.155673448409211,"Forecast","Competidor 4 "
"812",179,0.15336020827491,"Forecast","Competidor 4 "
"813",180,0.156277327256209,"Forecast","Competidor 4 "
"814",181,0.154038483352375,"Forecast","Competidor 4 "
"815",182,0.153489917658906,"Forecast","Competidor 4 "
"816",183,0.15659699670365,"Forecast","Competidor 4 "
"817",184,0.155829985121755,"Forecast","Competidor 4 "
"818",185,0.155681137763315,"Forecast","Competidor 4 "
"819",186,0.156638590351355,"Forecast","Competidor 4 "
"820",187,0.154386363330848,"Forecast","Competidor 4 "
"821",176,0.146781292408756,"IC_LO","Competidor 4 "
"822",177,0.147583204882103,"IC_LO","Competidor 4 "
"823",178,0.14739318843621,"IC_LO","Competidor 4 "
"824",179,0.1452146929834,"IC_LO","Competidor 4 "
"825",180,0.148398604436669,"IC_LO","Competidor 4 "
"826",181,0.145707904709672,"IC_LO","Competidor 4 "
"827",182,0.144718449716723,"IC_LO","Competidor 4 "
"828",183,0.14845369237278,"IC_LO","Competidor 4 "
"829",184,0.147358403593446,"IC_LO","Competidor 4 "
"830",185,0.147356441294956,"IC_LO","Competidor 4 "
"831",186,0.148148279394176,"IC_LO","Competidor 4 "
"832",187,0.14590568380859,"IC_LO","Competidor 4 "
"833",176,0.162899191955545,"IC_HI","Competidor 4 "
"834",177,0.163725943482197,"IC_HI","Competidor 4 "
"835",178,0.163560727928091,"IC_HI","Competidor 4 "
"836",179,0.1614069953809,"IC_HI","Competidor 4 "
"837",180,0.164615631927632,"IC_HI","Competidor 4 "
"838",181,0.161949619654628,"IC_HI","Competidor 4 "
"839",182,0.160984814647578,"IC_HI","Competidor 4 "
"840",183,0.164744669991521,"IC_HI","Competidor 4 "
"841",184,0.163673956770855,"IC_HI","Competidor 4 "
"842",185,0.163696533069345,"IC_HI","Competidor 4 "
"843",186,0.164512872970125,"IC_HI","Competidor 4 "
"844",187,0.162294742555711,"IC_HI","Competidor 4 "
"845",1,0.020127961,"Real","Competidor 5 "
"846",2,0.014107752,"Real","Competidor 5 "
"847",3,0.015588426,"Real","Competidor 5 "
"848",4,0.015773977,"Real","Competidor 5 "
"849",5,0.019564699,"Real","Competidor 5 "
"850",6,0.020356991,"Real","Competidor 5 "
"851",7,0.014596076,"Real","Competidor 5 "
"852",8,0.014498774,"Real","Competidor 5 "
"853",9,0.016079053,"Real","Competidor 5 "
"854",10,0.015966156,"Real","Competidor 5 "
"855",11,0.019912437,"Real","Competidor 5 "
"856",12,0.021496423,"Real","Competidor 5 "
"857",13,0.014088772,"Real","Competidor 5 "
"858",14,0.013924204,"Real","Competidor 5 "
"859",15,0.015815248,"Real","Competidor 5 "
"860",16,0.01614207,"Real","Competidor 5 "
"861",17,0.022184653,"Real","Competidor 5 "
"862",18,0.013484318,"Real","Competidor 5 "
"863",19,0.015099972,"Real","Competidor 5 "
"864",20,0.017056243,"Real","Competidor 5 "
"865",21,0.020029152,"Real","Competidor 5 "
"866",22,0.016043879,"Real","Competidor 5 "
"867",23,0.021009963,"Real","Competidor 5 "
"868",24,0.013080122,"Real","Competidor 5 "
"869",25,0.016923305,"Real","Competidor 5 "
"870",26,0.013785035,"Real","Competidor 5 "
"871",27,0.017247299,"Real","Competidor 5 "
"872",28,0.014110172,"Real","Competidor 5 "
"873",29,0.017127437,"Real","Competidor 5 "
"874",30,0.01839214,"Real","Competidor 5 "
"875",31,0.013995273,"Real","Competidor 5 "
"876",32,0.014620148,"Real","Competidor 5 "
"877",33,0.017192556,"Real","Competidor 5 "
"878",34,0.02062163,"Real","Competidor 5 "
"879",35,0.014451296,"Real","Competidor 5 "
"880",36,0.013955367,"Real","Competidor 5 "
"881",37,0.018138543,"Real","Competidor 5 "
"882",38,0.020578349,"Real","Competidor 5 "
"883",39,0.012898439,"Real","Competidor 5 "
"884",40,0.013502923,"Real","Competidor 5 "
"885",41,0.015473171,"Real","Competidor 5 "
"886",42,0.017363928,"Real","Competidor 5 "
"887",43,0.019732043,"Real","Competidor 5 "
"888",44,0.013382357,"Real","Competidor 5 "
"889",45,0.015213734,"Real","Competidor 5 "
"890",46,0.017805216,"Real","Competidor 5 "
"891",47,0.020924653,"Real","Competidor 5 "
"892",48,0.013376687,"Real","Competidor 5 "
"893",49,0.014967305,"Real","Competidor 5 "
"894",50,0.016434887,"Real","Competidor 5 "
"895",51,0.024384071,"Real","Competidor 5 "
"896",52,0.014154449,"Real","Competidor 5 "
"897",53,0.018898199,"Real","Competidor 5 "
"898",54,0.012485623,"Real","Competidor 5 "
"899",55,0.016263912,"Real","Competidor 5 "
"900",56,0.018788087,"Real","Competidor 5 "
"901",57,0.013536842,"Real","Competidor 5 "
"902",58,0.013753814,"Real","Competidor 5 "
"903",59,0.019017703,"Real","Competidor 5 "
"904",60,0.020849076,"Real","Competidor 5 "
"905",61,0.013688329,"Real","Competidor 5 "
"906",62,0.013767539,"Real","Competidor 5 "
"907",63,0.018742076,"Real","Competidor 5 "
"908",64,0.021228883,"Real","Competidor 5 "
"909",65,0.01397401,"Real","Competidor 5 "
"910",66,0.013251738,"Real","Competidor 5 "
"911",67,0.015256483,"Real","Competidor 5 "
"912",68,0.01593528,"Real","Competidor 5 "
"913",69,0.023486841,"Real","Competidor 5 "
"914",70,0.011836652,"Real","Competidor 5 "
"915",71,0.013284248,"Real","Competidor 5 "
"916",72,0.017369716,"Real","Competidor 5 "
"917",73,0.019766463,"Real","Competidor 5 "
"918",74,0.016662324,"Real","Competidor 5 "
"919",75,0.019746745,"Real","Competidor 5 "
"920",76,0.013214582,"Real","Competidor 5 "
"921",77,0.012289272,"Real","Competidor 5 "
"922",78,0.012573798,"Real","Competidor 5 "
"923",79,0.015858799,"Real","Competidor 5 "
"924",80,0.017773602,"Real","Competidor 5 "
"925",81,0.013203501,"Real","Competidor 5 "
"926",82,0.013391848,"Real","Competidor 5 "
"927",83,0.014152059,"Real","Competidor 5 "
"928",84,0.014358395,"Real","Competidor 5 "
"929",85,0.017933001,"Real","Competidor 5 "
"930",86,0.018922432,"Real","Competidor 5 "
"931",87,0.012568791,"Real","Competidor 5 "
"932",88,0.018039272,"Real","Competidor 5 "
"933",89,0.019500061,"Real","Competidor 5 "
"934",90,0.012510273,"Real","Competidor 5 "
"935",91,0.01277,"Real","Competidor 5 "
"936",92,0.012402839,"Real","Competidor 5 "
"937",93,0.01397543,"Real","Competidor 5 "
"938",94,0.016934608,"Real","Competidor 5 "
"939",95,0.018869296,"Real","Competidor 5 "
"940",96,0.012705652,"Real","Competidor 5 "
"941",97,0.01376889,"Real","Competidor 5 "
"942",98,0.016888392,"Real","Competidor 5 "
"943",99,0.019056063,"Real","Competidor 5 "
"944",100,0.017472503,"Real","Competidor 5 "
"945",101,0.02193058,"Real","Competidor 5 "
"946",102,0.023831461,"Real","Competidor 5 "
"947",103,0.021170007,"Real","Competidor 5 "
"948",104,0.012939475,"Real","Competidor 5 "
"949",105,0.012522459,"Real","Competidor 5 "
"950",106,0.013867831,"Real","Competidor 5 "
"951",107,0.016784047,"Real","Competidor 5 "
"952",108,0.018808035,"Real","Competidor 5 "
"953",109,0.01635921,"Real","Competidor 5 "
"954",110,0.019213441,"Real","Competidor 5 "
"955",111,0.019282881,"Real","Competidor 5 "
"956",112,0.014982433,"Real","Competidor 5 "
"957",113,0.01478705,"Real","Competidor 5 "
"958",114,0.01259286,"Real","Competidor 5 "
"959",115,0.014048173,"Real","Competidor 5 "
"960",116,0.018126854,"Real","Competidor 5 "
"961",117,0.021930163,"Real","Competidor 5 "
"962",118,0.012385908,"Real","Competidor 5 "
"963",119,0.013953054,"Real","Competidor 5 "
"964",120,0.013365864,"Real","Competidor 5 "
"965",121,0.017294787,"Real","Competidor 5 "
"966",122,0.018162886,"Real","Competidor 5 "
"967",123,0.016081256,"Real","Competidor 5 "
"968",124,0.018530509,"Real","Competidor 5 "
"969",125,0.018809728,"Real","Competidor 5 "
"970",126,0.013108918,"Real","Competidor 5 "
"971",127,0.012733258,"Real","Competidor 5 "
"972",128,0.012856538,"Real","Competidor 5 "
"973",129,0.017827838,"Real","Competidor 5 "
"974",130,0.023089165,"Real","Competidor 5 "
"975",131,0.014163565,"Real","Competidor 5 "
"976",132,0.014600399,"Real","Competidor 5 "
"977",133,0.013069152,"Real","Competidor 5 "
"978",134,0.016263834,"Real","Competidor 5 "
"979",135,0.021435165,"Real","Competidor 5 "
"980",136,0.017540356,"Real","Competidor 5 "
"981",137,0.01578058,"Real","Competidor 5 "
"982",138,0.017909284,"Real","Competidor 5 "
"983",139,0.014480521,"Real","Competidor 5 "
"984",140,0.013158686,"Real","Competidor 5 "
"985",141,0.01523133,"Real","Competidor 5 "
"986",142,0.015326957,"Real","Competidor 5 "
"987",143,0.021442686,"Real","Competidor 5 "
"988",144,0.015838377,"Real","Competidor 5 "
"989",145,0.01443693,"Real","Competidor 5 "
"990",146,0.017386908,"Real","Competidor 5 "
"991",147,0.018819189,"Real","Competidor 5 "
"992",148,0.015240243,"Real","Competidor 5 "
"993",149,0.018508021,"Real","Competidor 5 "
"994",150,0.017398166,"Real","Competidor 5 "
"995",151,0.021487207,"Real","Competidor 5 "
"996",152,0.01397445,"Real","Competidor 5 "
"997",153,0.015253413,"Real","Competidor 5 "
"998",154,0.013940605,"Real","Competidor 5 "
"999",155,0.015703862,"Real","Competidor 5 "
"1000",156,0.02267772,"Real","Competidor 5 "
"1001",157,0.013512337,"Real","Competidor 5 "
"1002",158,0.022480459,"Real","Competidor 5 "
"1003",159,0.018259784,"Real","Competidor 5 "
"1004",160,0.015025478,"Real","Competidor 5 "
"1005",161,0.014560265,"Real","Competidor 5 "
"1006",162,0.01592356,"Real","Competidor 5 "
"1007",163,0.016760548,"Real","Competidor 5 "
"1008",164,0.02446998,"Real","Competidor 5 "
"1009",165,0.015687599,"Real","Competidor 5 "
"1010",166,0.01464873,"Real","Competidor 5 "
"1011",167,0.02026111,"Real","Competidor 5 "
"1012",168,0.015677936,"Real","Competidor 5 "
"1013",169,0.022206575,"Real","Competidor 5 "
"1014",170,0.013885762,"Real","Competidor 5 "
"1015",171,0.01504962,"Real","Competidor 5 "
"1016",172,0.016400017,"Real","Competidor 5 "
"1017",173,0.01753316,"Real","Competidor 5 "
"1018",174,0.02131144,"Real","Competidor 5 "
"1019",175,0.018090041,"Real","Competidor 5 "
"1020",176,0.0183199906950805,"Forecast","Competidor 5 "
"1021",177,0.0193863066180693,"Forecast","Competidor 5 "
"1022",178,0.0147083763657707,"Forecast","Competidor 5 "
"1023",179,0.0159343404808867,"Forecast","Competidor 5 "
"1024",180,0.0127569968753228,"Forecast","Competidor 5 "
"1025",181,0.0164161605306152,"Forecast","Competidor 5 "
"1026",182,0.0194803956703726,"Forecast","Competidor 5 "
"1027",183,0.015090040362745,"Forecast","Competidor 5 "
"1028",184,0.0156877993361605,"Forecast","Competidor 5 "
"1029",185,0.0138849122735115,"Forecast","Competidor 5 "
"1030",186,0.0161311915976911,"Forecast","Competidor 5 "
"1031",187,0.0186263546709513,"Forecast","Competidor 5 "
"1032",176,0.00888443402547036,"IC_LO","Competidor 5 "
"1033",177,0.0101452304454666,"IC_LO","Competidor 5 "
"1034",178,0.00540353156483895,"IC_LO","Competidor 5 "
"1035",179,0.00677662181425598,"IC_LO","Competidor 5 "
"1036",180,0.00387843322739281,"IC_LO","Competidor 5 "
"1037",181,0.00709808478651905,"IC_LO","Competidor 5 "
"1038",182,0.00973375561974602,"IC_LO","Competidor 5 "
"1039",183,0.00598387026737423,"IC_LO","Competidor 5 "
"1040",184,0.00626563982268471,"IC_LO","Competidor 5 "
"1041",185,0.00462190711847527,"IC_LO","Competidor 5 "
"1042",186,0.00671482285461493,"IC_LO","Competidor 5 "
"1043",187,0.00923184994838214,"IC_LO","Competidor 5 "
"1044",176,0.0271011431732138,"IC_HI","Competidor 5 "
"1045",177,0.0283619395932101,"IC_HI","Competidor 5 "
"1046",178,0.0236202407125824,"IC_HI","Competidor 5 "
"1047",179,0.0249933309619994,"IC_HI","Competidor 5 "
"1048",180,0.0220951423751363,"IC_HI","Competidor 5 "
"1049",181,0.0253147939342625,"IC_HI","Competidor 5 "
"1050",182,0.0279504647674895,"IC_HI","Competidor 5 "
"1051",183,0.0242005794151177,"IC_HI","Competidor 5 "
"1052",184,0.0244823489704282,"IC_HI","Competidor 5 "
"1053",185,0.0228386162662187,"IC_HI","Competidor 5 "
"1054",186,0.0249315320023584,"IC_HI","Competidor 5 "
"1055",187,0.0274485590961256,"IC_HI","Competidor 5 "
"1056",1,0.22947894,"Real","Competidor 6 "
"1057",2,0.235864495,"Real","Competidor 6 "
"1058",3,0.235331579,"Real","Competidor 6 "
"1059",4,0.23629522,"Real","Competidor 6 "
"1060",5,0.22850786,"Real","Competidor 6 "
"1061",6,0.234563954,"Real","Competidor 6 "
"1062",7,0.236434791,"Real","Competidor 6 "
"1063",8,0.235241057,"Real","Competidor 6 "
"1064",9,0.233850545,"Real","Competidor 6 "
"1065",10,0.236370693,"Real","Competidor 6 "
"1066",11,0.236233077,"Real","Competidor 6 "
"1067",12,0.230878948,"Real","Competidor 6 "
"1068",13,0.237180696,"Real","Competidor 6 "
"1069",14,0.235477197,"Real","Competidor 6 "
"1070",15,0.233261556,"Real","Competidor 6 "
"1071",16,0.232625618,"Real","Competidor 6 "
"1072",17,0.227339074,"Real","Competidor 6 "
"1073",18,0.231014568,"Real","Competidor 6 "
"1074",19,0.229766143,"Real","Competidor 6 "
"1075",20,0.231784038,"Real","Competidor 6 "
"1076",21,0.228010071,"Real","Competidor 6 "
"1077",22,0.22611636,"Real","Competidor 6 "
"1078",23,0.222822916,"Real","Competidor 6 "
"1079",24,0.223645375,"Real","Competidor 6 "
"1080",25,0.223075503,"Real","Competidor 6 "
"1081",26,0.224211656,"Real","Competidor 6 "
"1082",27,0.225548258,"Real","Competidor 6 "
"1083",28,0.226960341,"Real","Competidor 6 "
"1084",29,0.22536511,"Real","Competidor 6 "
"1085",30,0.226801119,"Real","Competidor 6 "
"1086",31,0.225777859,"Real","Competidor 6 "
"1087",32,0.226220839,"Real","Competidor 6 "
"1088",33,0.224217571,"Real","Competidor 6 "
"1089",34,0.22280027,"Real","Competidor 6 "
"1090",35,0.229210035,"Real","Competidor 6 "
"1091",36,0.225697927,"Real","Competidor 6 "
"1092",37,0.224693185,"Real","Competidor 6 "
"1093",38,0.224023251,"Real","Competidor 6 "
"1094",39,0.227992502,"Real","Competidor 6 "
"1095",40,0.233218224,"Real","Competidor 6 "
"1096",41,0.233164261,"Real","Competidor 6 "
"1097",42,0.228964883,"Real","Competidor 6 "
"1098",43,0.22781316,"Real","Competidor 6 "
"1099",44,0.23394872,"Real","Competidor 6 "
"1100",45,0.233733916,"Real","Competidor 6 "
"1101",46,0.233845653,"Real","Competidor 6 "
"1102",47,0.227844513,"Real","Competidor 6 "
"1103",48,0.233094302,"Real","Competidor 6 "
"1104",49,0.23555308,"Real","Competidor 6 "
"1105",50,0.236144867,"Real","Competidor 6 "
"1106",51,0.22812971,"Real","Competidor 6 "
"1107",52,0.231792725,"Real","Competidor 6 "
"1108",53,0.232566083,"Real","Competidor 6 "
"1109",54,0.237389323,"Real","Competidor 6 "
"1110",55,0.236901377,"Real","Competidor 6 "
"1111",56,0.235673011,"Real","Competidor 6 "
"1112",57,0.236375918,"Real","Competidor 6 "
"1113",58,0.235708641,"Real","Competidor 6 "
"1114",59,0.233677329,"Real","Competidor 6 "
"1115",60,0.23538491,"Real","Competidor 6 "
"1116",61,0.237968719,"Real","Competidor 6 "
"1117",62,0.239416918,"Real","Competidor 6 "
"1118",63,0.236071805,"Real","Competidor 6 "
"1119",64,0.237769702,"Real","Competidor 6 "
"1120",65,0.246956525,"Real","Competidor 6 "
"1121",66,0.245645913,"Real","Competidor 6 "
"1122",67,0.235923659,"Real","Competidor 6 "
"1123",68,0.234833083,"Real","Competidor 6 "
"1124",69,0.227464143,"Real","Competidor 6 "
"1125",70,0.234136321,"Real","Competidor 6 "
"1126",71,0.230938614,"Real","Competidor 6 "
"1127",72,0.234422867,"Real","Competidor 6 "
"1128",73,0.227603543,"Real","Competidor 6 "
"1129",74,0.229198885,"Real","Competidor 6 "
"1130",75,0.227117356,"Real","Competidor 6 "
"1131",76,0.226790358,"Real","Competidor 6 "
"1132",77,0.22904181,"Real","Competidor 6 "
"1133",78,0.231817573,"Real","Competidor 6 "
"1134",79,0.227494296,"Real","Competidor 6 "
"1135",80,0.227464862,"Real","Competidor 6 "
"1136",81,0.227238913,"Real","Competidor 6 "
"1137",82,0.231232997,"Real","Competidor 6 "
"1138",83,0.22636137,"Real","Competidor 6 "
"1139",84,0.228194767,"Real","Competidor 6 "
"1140",85,0.226497757,"Real","Competidor 6 "
"1141",86,0.226557059,"Real","Competidor 6 "
"1142",87,0.23136261,"Real","Competidor 6 "
"1143",88,0.228009588,"Real","Competidor 6 "
"1144",89,0.221672445,"Real","Competidor 6 "
"1145",90,0.228668997,"Real","Competidor 6 "
"1146",91,0.228111931,"Real","Competidor 6 "
"1147",92,0.232052744,"Real","Competidor 6 "
"1148",93,0.229574818,"Real","Competidor 6 "
"1149",94,0.235117846,"Real","Competidor 6 "
"1150",95,0.228359434,"Real","Competidor 6 "
"1151",96,0.234469264,"Real","Competidor 6 "
"1152",97,0.234034146,"Real","Competidor 6 "
"1153",98,0.237428595,"Real","Competidor 6 "
"1154",99,0.229817955,"Real","Competidor 6 "
"1155",100,0.233536095,"Real","Competidor 6 "
"1156",101,0.230181958,"Real","Competidor 6 "
"1157",102,0.232661223,"Real","Competidor 6 "
"1158",103,0.230357034,"Real","Competidor 6 "
"1159",104,0.237787535,"Real","Competidor 6 "
"1160",105,0.237413084,"Real","Competidor 6 "
"1161",106,0.24017773,"Real","Competidor 6 "
"1162",107,0.237505302,"Real","Competidor 6 "
"1163",108,0.232148304,"Real","Competidor 6 "
"1164",109,0.236334168,"Real","Competidor 6 "
"1165",110,0.234936582,"Real","Competidor 6 "
"1166",111,0.225102196,"Real","Competidor 6 "
"1167",112,0.2450123,"Real","Competidor 6 "
"1168",113,0.237042756,"Real","Competidor 6 "
"1169",114,0.240970619,"Real","Competidor 6 "
"1170",115,0.241221174,"Real","Competidor 6 "
"1171",116,0.238450542,"Real","Competidor 6 "
"1172",117,0.234401937,"Real","Competidor 6 "
"1173",118,0.240397842,"Real","Competidor 6 "
"1174",119,0.239325669,"Real","Competidor 6 "
"1175",120,0.239594032,"Real","Competidor 6 "
"1176",121,0.236109329,"Real","Competidor 6 "
"1177",122,0.236019836,"Real","Competidor 6 "
"1178",123,0.239541425,"Real","Competidor 6 "
"1179",124,0.235589644,"Real","Competidor 6 "
"1180",125,0.23121356,"Real","Competidor 6 "
"1181",126,0.232521291,"Real","Competidor 6 "
"1182",127,0.230165966,"Real","Competidor 6 "
"1183",128,0.235384584,"Real","Competidor 6 "
"1184",129,0.230827431,"Real","Competidor 6 "
"1185",130,0.227202612,"Real","Competidor 6 "
"1186",131,0.231054221,"Real","Competidor 6 "
"1187",132,0.230720634,"Real","Competidor 6 "
"1188",133,0.229237701,"Real","Competidor 6 "
"1189",134,0.228866084,"Real","Competidor 6 "
"1190",135,0.230089609,"Real","Competidor 6 "
"1191",136,0.230101785,"Real","Competidor 6 "
"1192",137,0.227024384,"Real","Competidor 6 "
"1193",138,0.223903939,"Real","Competidor 6 "
"1194",139,0.234618908,"Real","Competidor 6 "
"1195",140,0.233398963,"Real","Competidor 6 "
"1196",141,0.233737526,"Real","Competidor 6 "
"1197",142,0.229866137,"Real","Competidor 6 "
"1198",143,0.225476772,"Real","Competidor 6 "
"1199",144,0.232503288,"Real","Competidor 6 "
"1200",145,0.232477845,"Real","Competidor 6 "
"1201",146,0.233219318,"Real","Competidor 6 "
"1202",147,0.232586256,"Real","Competidor 6 "
"1203",148,0.236593264,"Real","Competidor 6 "
"1204",149,0.23561095,"Real","Competidor 6 "
"1205",150,0.233771715,"Real","Competidor 6 "
"1206",151,0.2374341,"Real","Competidor 6 "
"1207",152,0.238372799,"Real","Competidor 6 "
"1208",153,0.242841338,"Real","Competidor 6 "
"1209",154,0.239337079,"Real","Competidor 6 "
"1210",155,0.2384152,"Real","Competidor 6 "
"1211",156,0.235897556,"Real","Competidor 6 "
"1212",157,0.242587994,"Real","Competidor 6 "
"1213",158,0.236604068,"Real","Competidor 6 "
"1214",159,0.24245778,"Real","Competidor 6 "
"1215",160,0.240799172,"Real","Competidor 6 "
"1216",161,0.240921195,"Real","Competidor 6 "
"1217",162,0.235509422,"Real","Competidor 6 "
"1218",163,0.240684708,"Real","Competidor 6 "
"1219",164,0.234063353,"Real","Competidor 6 "
"1220",165,0.243451371,"Real","Competidor 6 "
"1221",166,0.241707143,"Real","Competidor 6 "
"1222",167,0.238847423,"Real","Competidor 6 "
"1223",168,0.242261521,"Real","Competidor 6 "
"1224",169,0.23767196,"Real","Competidor 6 "
"1225",170,0.243237513,"Real","Competidor 6 "
"1226",171,0.243530961,"Real","Competidor 6 "
"1227",172,0.245536742,"Real","Competidor 6 "
"1228",173,0.23979926,"Real","Competidor 6 "
"1229",174,0.238208937,"Real","Competidor 6 "
"1230",175,0.239537771,"Real","Competidor 6 "
"1231",176,0.238189549689233,"Forecast","Competidor 6 "
"1232",177,0.233618985192225,"Forecast","Competidor 6 "
"1233",178,0.234990484820554,"Forecast","Competidor 6 "
"1234",179,0.232488033686253,"Forecast","Competidor 6 "
"1235",180,0.237427496667553,"Forecast","Competidor 6 "
"1236",181,0.233309855763719,"Forecast","Competidor 6 "
"1237",182,0.230113601070249,"Forecast","Competidor 6 "
"1238",183,0.233324740114993,"Forecast","Competidor 6 "
"1239",184,0.233307142533098,"Forecast","Competidor 6 "
"1240",185,0.231665055174659,"Forecast","Competidor 6 "
"1241",186,0.231446801762699,"Forecast","Competidor 6 "
"1242",187,0.232648462742192,"Forecast","Competidor 6 "
"1243",176,0.226905393377975,"IC_LO","Competidor 6 "
"1244",177,0.222529309377975,"IC_LO","Competidor 6 "
"1245",178,0.223837040377975,"IC_LO","Competidor 6 "
"1246",179,0.221481715377975,"IC_LO","Competidor 6 "
"1247",180,0.226700333377975,"IC_LO","Competidor 6 "
"1248",181,0.222143180377975,"IC_LO","Competidor 6 "
"1249",182,0.218518361377975,"IC_LO","Competidor 6 "
"1250",183,0.222369970377975,"IC_LO","Competidor 6 "
"1251",184,0.222036383377975,"IC_LO","Competidor 6 "
"1252",185,0.220553450377975,"IC_LO","Competidor 6 "
"1253",186,0.220181833377975,"IC_LO","Competidor 6 "
"1254",187,0.221405358377975,"IC_LO","Competidor 6 "
"1255",176,0.248819301809013,"IC_HI","Competidor 6 "
"1256",177,0.244443217809013,"IC_HI","Competidor 6 "
"1257",178,0.245750948809013,"IC_HI","Competidor 6 "
"1258",179,0.243395623809013,"IC_HI","Competidor 6 "
"1259",180,0.248614241809013,"IC_HI","Competidor 6 "
"1260",181,0.244057088809013,"IC_HI","Competidor 6 "
"1261",182,0.240432269809013,"IC_HI","Competidor 6 "
"1262",183,0.244283878809013,"IC_HI","Competidor 6 "
"1263",184,0.243950291809013,"IC_HI","Competidor 6 "
"1264",185,0.242467358809013,"IC_HI","Competidor 6 "
"1265",186,0.242095741809013,"IC_HI","Competidor 6 "
"1266",187,0.243319266809013,"IC_HI","Competidor 6 "
"1267",1,0.007083465,"Real","Competidor 7 "
"1268",2,0.004794606,"Real","Competidor 7 "
"1269",3,0.004921264,"Real","Competidor 7 "
"1270",4,0.004942441,"Real","Competidor 7 "
"1271",5,0.006170852,"Real","Competidor 7 "
"1272",6,0.006830002,"Real","Competidor 7 "
"1273",7,0.004684742,"Real","Competidor 7 "
"1274",8,0.004599831,"Real","Competidor 7 "
"1275",9,0.005407335,"Real","Competidor 7 "
"1276",10,0.005193618,"Real","Competidor 7 "
"1277",11,0.006301699,"Real","Competidor 7 "
"1278",12,0.00749898,"Real","Competidor 7 "
"1279",13,0.004401106,"Real","Competidor 7 "
"1280",14,0.00444325,"Real","Competidor 7 "
"1281",15,0.005181787,"Real","Competidor 7 "
"1282",16,0.005646117,"Real","Competidor 7 "
"1283",17,0.007132579,"Real","Competidor 7 "
"1284",18,0.004266059,"Real","Competidor 7 "
"1285",19,0.004856435,"Real","Competidor 7 "
"1286",20,0.005367475,"Real","Competidor 7 "
"1287",21,0.006573531,"Real","Competidor 7 "
"1288",22,0.005646031,"Real","Competidor 7 "
"1289",23,0.00688852,"Real","Competidor 7 "
"1290",24,0.004597582,"Real","Competidor 7 "
"1291",25,0.005547864,"Real","Competidor 7 "
"1292",26,0.004644467,"Real","Competidor 7 "
"1293",27,0.005848103,"Real","Competidor 7 "
"1294",28,0.004706801,"Real","Competidor 7 "
"1295",29,0.005503528,"Real","Competidor 7 "
"1296",30,0.006441538,"Real","Competidor 7 "
"1297",31,0.00463667,"Real","Competidor 7 "
"1298",32,0.004805504,"Real","Competidor 7 "
"1299",33,0.005698239,"Real","Competidor 7 "
"1300",34,0.006943091,"Real","Competidor 7 "
"1301",35,0.004835805,"Real","Competidor 7 "
"1302",36,0.004668083,"Real","Competidor 7 "
"1303",37,0.006179838,"Real","Competidor 7 "
"1304",38,0.008071926,"Real","Competidor 7 "
"1305",39,0.004023526,"Real","Competidor 7 "
"1306",40,0.00407705,"Real","Competidor 7 "
"1307",41,0.004752022,"Real","Competidor 7 "
"1308",42,0.00545019,"Real","Competidor 7 "
"1309",43,0.006806674,"Real","Competidor 7 "
"1310",44,0.004429924,"Real","Competidor 7 "
"1311",45,0.004683675,"Real","Competidor 7 "
"1312",46,0.005623023,"Real","Competidor 7 "
"1313",47,0.006608098,"Real","Competidor 7 "
"1314",48,0.004683612,"Real","Competidor 7 "
"1315",49,0.004737375,"Real","Competidor 7 "
"1316",50,0.005331071,"Real","Competidor 7 "
"1317",51,0.007952064,"Real","Competidor 7 "
"1318",52,0.004807961,"Real","Competidor 7 "
"1319",53,0.005993084,"Real","Competidor 7 "
"1320",54,0.003747523,"Real","Competidor 7 "
"1321",55,0.004900039,"Real","Competidor 7 "
"1322",56,0.006244953,"Real","Competidor 7 "
"1323",57,0.004203581,"Real","Competidor 7 "
"1324",58,0.004374559,"Real","Competidor 7 "
"1325",59,0.005708326,"Real","Competidor 7 "
"1326",60,0.00672099,"Real","Competidor 7 "
"1327",61,0.004350966,"Real","Competidor 7 "
"1328",62,0.004585446,"Real","Competidor 7 "
"1329",63,0.005798479,"Real","Competidor 7 "
"1330",64,0.00685906,"Real","Competidor 7 "
"1331",65,0.004338955,"Real","Competidor 7 "
"1332",66,0.00403903,"Real","Competidor 7 "
"1333",67,0.005089854,"Real","Competidor 7 "
"1334",68,0.004883664,"Real","Competidor 7 "
"1335",69,0.007195515,"Real","Competidor 7 "
"1336",70,0.004234394,"Real","Competidor 7 "
"1337",71,0.004323969,"Real","Competidor 7 "
"1338",72,0.005271847,"Real","Competidor 7 "
"1339",73,0.006560508,"Real","Competidor 7 "
"1340",74,0.005302134,"Real","Competidor 7 "
"1341",75,0.006769589,"Real","Competidor 7 "
"1342",76,0.004249535,"Real","Competidor 7 "
"1343",77,0.004162255,"Real","Competidor 7 "
"1344",78,0.004330284,"Real","Competidor 7 "
"1345",79,0.005160429,"Real","Competidor 7 "
"1346",80,0.00608925,"Real","Competidor 7 "
"1347",81,0.004329541,"Real","Competidor 7 "
"1348",82,0.004321739,"Real","Competidor 7 "
"1349",83,0.004898534,"Real","Competidor 7 "
"1350",84,0.004770768,"Real","Competidor 7 "
"1351",85,0.005646741,"Real","Competidor 7 "
"1352",86,0.006252636,"Real","Competidor 7 "
"1353",87,0.004283084,"Real","Competidor 7 "
"1354",88,0.005793027,"Real","Competidor 7 "
"1355",89,0.006678157,"Real","Competidor 7 "
"1356",90,0.003847277,"Real","Competidor 7 "
"1357",91,0.004240626,"Real","Competidor 7 "
"1358",92,0.004159463,"Real","Competidor 7 "
"1359",93,0.004570886,"Real","Competidor 7 "
"1360",94,0.005084818,"Real","Competidor 7 "
"1361",95,0.006303601,"Real","Competidor 7 "
"1362",96,0.004492763,"Real","Competidor 7 "
"1363",97,0.004183294,"Real","Competidor 7 "
"1364",98,0.004811026,"Real","Competidor 7 "
"1365",99,0.006126582,"Real","Competidor 7 "
"1366",100,0.005206999,"Real","Competidor 7 "
"1367",101,0.007330761,"Real","Competidor 7 "
"1368",102,0.005942355,"Real","Competidor 7 "
"1369",103,0.006148086,"Real","Competidor 7 "
"1370",104,0.004653794,"Real","Competidor 7 "
"1371",105,0.003665489,"Real","Competidor 7 "
"1372",106,0.003969104,"Real","Competidor 7 "
"1373",107,0.005242251,"Real","Competidor 7 "
"1374",108,0.006437896,"Real","Competidor 7 "
"1375",109,0.004961123,"Real","Competidor 7 "
"1376",110,0.005558924,"Real","Competidor 7 "
"1377",111,0.006295566,"Real","Competidor 7 "
"1378",112,0.004828449,"Real","Competidor 7 "
"1379",113,0.0043906,"Real","Competidor 7 "
"1380",114,0.004154229,"Real","Competidor 7 "
"1381",115,0.004771506,"Real","Competidor 7 "
"1382",116,0.005882882,"Real","Competidor 7 "
"1383",117,0.007646698,"Real","Competidor 7 "
"1384",118,0.004138259,"Real","Competidor 7 "
"1385",119,0.004516947,"Real","Competidor 7 "
"1386",120,0.004420977,"Real","Competidor 7 "
"1387",121,0.005961671,"Real","Competidor 7 "
"1388",122,0.005892994,"Real","Competidor 7 "
"1389",123,0.00512544,"Real","Competidor 7 "
"1390",124,0.005662275,"Real","Competidor 7 "
"1391",125,0.006160219,"Real","Competidor 7 "
"1392",126,0.004637096,"Real","Competidor 7 "
"1393",127,0.004542364,"Real","Competidor 7 "
"1394",128,0.004311627,"Real","Competidor 7 "
"1395",129,0.00561774,"Real","Competidor 7 "
"1396",130,0.006781618,"Real","Competidor 7 "
"1397",131,0.005333945,"Real","Competidor 7 "
"1398",132,0.004258966,"Real","Competidor 7 "
"1399",133,0.004402874,"Real","Competidor 7 "
"1400",134,0.005836073,"Real","Competidor 7 "
"1401",135,0.006069439,"Real","Competidor 7 "
"1402",136,0.004707572,"Real","Competidor 7 "
"1403",137,0.005590472,"Real","Competidor 7 "
"1404",138,0.00565749,"Real","Competidor 7 "
"1405",139,0.004541411,"Real","Competidor 7 "
"1406",140,0.004231895,"Real","Competidor 7 "
"1407",141,0.004586768,"Real","Competidor 7 "
"1408",142,0.005408862,"Real","Competidor 7 "
"1409",143,0.006997888,"Real","Competidor 7 "
"1410",144,0.004189329,"Real","Competidor 7 "
"1411",145,0.004644377,"Real","Competidor 7 "
"1412",146,0.005673884,"Real","Competidor 7 "
"1413",147,0.005567974,"Real","Competidor 7 "
"1414",148,0.004787042,"Real","Competidor 7 "
"1415",149,0.005101564,"Real","Competidor 7 "
"1416",150,0.005211757,"Real","Competidor 7 "
"1417",151,0.005986693,"Real","Competidor 7 "
"1418",152,0.004429373,"Real","Competidor 7 "
"1419",153,0.004552362,"Real","Competidor 7 "
"1420",154,0.004383531,"Real","Competidor 7 "
"1421",155,0.005065982,"Real","Competidor 7 "
"1422",156,0.006800317,"Real","Competidor 7 "
"1423",157,0.004312882,"Real","Competidor 7 "
"1424",158,0.006936686,"Real","Competidor 7 "
"1425",159,0.004398213,"Real","Competidor 7 "
"1426",160,0.004020742,"Real","Competidor 7 "
"1427",161,0.004287794,"Real","Competidor 7 "
"1428",162,0.004973945,"Real","Competidor 7 "
"1429",163,0.004713629,"Real","Competidor 7 "
"1430",164,0.007192231,"Real","Competidor 7 "
"1431",165,0.00421101,"Real","Competidor 7 "
"1432",166,0.004212574,"Real","Competidor 7 "
"1433",167,0.004945902,"Real","Competidor 7 "
"1434",168,0.004997328,"Real","Competidor 7 "
"1435",169,0.006278245,"Real","Competidor 7 "
"1436",170,0.003734647,"Real","Competidor 7 "
"1437",171,0.0040077,"Real","Competidor 7 "
"1438",172,0.004922835,"Real","Competidor 7 "
"1439",173,0.005134688,"Real","Competidor 7 "
"1440",174,0.00581802,"Real","Competidor 7 "
"1441",175,0.004735382,"Real","Competidor 7 "
"1442",176,0.00584575389596013,"Forecast","Competidor 7 "
"1443",177,0.00645608101521966,"Forecast","Competidor 7 "
"1444",178,0.00515043607849301,"Forecast","Competidor 7 "
"1445",179,0.00550605575955098,"Forecast","Competidor 7 "
"1446",180,0.00410629131820513,"Forecast","Competidor 7 "
"1447",181,0.00543796057379074,"Forecast","Competidor 7 "
"1448",182,0.0064768408323735,"Forecast","Competidor 7 "
"1449",183,0.0053595968294636,"Forecast","Competidor 7 "
"1450",184,0.00511373896485251,"Forecast","Competidor 7 "
"1451",185,0.00469485668638817,"Forecast","Competidor 7 "
"1452",186,0.00583523846434915,"Forecast","Competidor 7 "
"1453",187,0.00584656912876368,"Forecast","Competidor 7 "
"1454",176,0.00262149664042177,"IC_LO","Competidor 7 "
"1455",177,0.0034263042566888,"IC_LO","Competidor 7 "
"1456",178,0.00205689069163307,"IC_LO","Competidor 7 "
"1457",179,0.00255963650699205,"IC_LO","Competidor 7 "
"1458",180,0.00143902708434693,"IC_LO","Competidor 7 "
"1459",181,0.00233118424376635,"IC_LO","Competidor 7 "
"1460",182,0.00294150019581872,"IC_LO","Competidor 7 "
"1461",183,0.00246472614816459,"IC_LO","Competidor 7 "
"1462",184,0.00190287886544849,"IC_LO","Competidor 7 "
"1463",185,0.00164315094542375,"IC_LO","Competidor 7 "
"1464",186,0.00263016913534475,"IC_LO","Competidor 7 "
"1465",187,0.00266336382026632,"IC_LO","Competidor 7 "
"1466",176,0.00841560696002075,"IC_HI","Competidor 7 "
"1467",177,0.00922041457628778,"IC_HI","Competidor 7 "
"1468",178,0.00785100101123206,"IC_HI","Competidor 7 "
"1469",179,0.00835374682659104,"IC_HI","Competidor 7 "
"1470",180,0.00723313740394592,"IC_HI","Competidor 7 "
"1471",181,0.00812529456336534,"IC_HI","Competidor 7 "
"1472",182,0.00873561051541771,"IC_HI","Competidor 7 "
"1473",183,0.00825883646776357,"IC_HI","Competidor 7 "
"1474",184,0.00769698918504748,"IC_HI","Competidor 7 "
"1475",185,0.00743726126502273,"IC_HI","Competidor 7 "
"1476",186,0.00842427945494374,"IC_HI","Competidor 7 "
"1477",187,0.00845747413986531,"IC_HI","Competidor 7 "
"1478",1,0.153846145,"Real","Competidor 8 "
"1479",2,0.154274399,"Real","Competidor 8 "
"1480",3,0.152384759,"Real","Competidor 8 "
"1481",4,0.154988209,"Real","Competidor 8 "
"1482",5,0.154475286,"Real","Competidor 8 "
"1483",6,0.151267701,"Real","Competidor 8 "
"1484",7,0.154163638,"Real","Competidor 8 "
"1485",8,0.154485433,"Real","Competidor 8 "
"1486",9,0.155995842,"Real","Competidor 8 "
"1487",10,0.156708297,"Real","Competidor 8 "
"1488",11,0.153999549,"Real","Competidor 8 "
"1489",12,0.155240696,"Real","Competidor 8 "
"1490",13,0.154265537,"Real","Competidor 8 "
"1491",14,0.155977729,"Real","Competidor 8 "
"1492",15,0.153941852,"Real","Competidor 8 "
"1493",16,0.156820182,"Real","Competidor 8 "
"1494",17,0.152975326,"Real","Competidor 8 "
"1495",18,0.156177848,"Real","Competidor 8 "
"1496",19,0.154047645,"Real","Competidor 8 "
"1497",20,0.154921887,"Real","Competidor 8 "
"1498",21,0.152833798,"Real","Competidor 8 "
"1499",22,0.156317065,"Real","Competidor 8 "
"1500",23,0.152035845,"Real","Competidor 8 "
"1501",24,0.150896071,"Real","Competidor 8 "
"1502",25,0.151532588,"Real","Competidor 8 "
"1503",26,0.15245307,"Real","Competidor 8 "
"1504",27,0.152404481,"Real","Competidor 8 "
"1505",28,0.157712972,"Real","Competidor 8 "
"1506",29,0.153333697,"Real","Competidor 8 "
"1507",30,0.154094729,"Real","Competidor 8 "
"1508",31,0.153707563,"Real","Competidor 8 "
"1509",32,0.156642939,"Real","Competidor 8 "
"1510",33,0.153164043,"Real","Competidor 8 "
"1511",34,0.154319264,"Real","Competidor 8 "
"1512",35,0.154150105,"Real","Competidor 8 "
"1513",36,0.156024739,"Real","Competidor 8 "
"1514",37,0.153298725,"Real","Competidor 8 "
"1515",38,0.153780739,"Real","Competidor 8 "
"1516",39,0.155503472,"Real","Competidor 8 "
"1517",40,0.157493661,"Real","Competidor 8 "
"1518",41,0.154553051,"Real","Competidor 8 "
"1519",42,0.153965213,"Real","Competidor 8 "
"1520",43,0.155096392,"Real","Competidor 8 "
"1521",44,0.157967771,"Real","Competidor 8 "
"1522",45,0.151627096,"Real","Competidor 8 "
"1523",46,0.1542424,"Real","Competidor 8 "
"1524",47,0.152168238,"Real","Competidor 8 "
"1525",48,0.158558573,"Real","Competidor 8 "
"1526",49,0.15337879,"Real","Competidor 8 "
"1527",50,0.154980774,"Real","Competidor 8 "
"1528",51,0.151125577,"Real","Competidor 8 "
"1529",52,0.158179188,"Real","Competidor 8 "
"1530",53,0.154479481,"Real","Competidor 8 "
"1531",54,0.157155908,"Real","Competidor 8 "
"1532",55,0.153949352,"Real","Competidor 8 "
"1533",56,0.15493495,"Real","Competidor 8 "
"1534",57,0.156815964,"Real","Competidor 8 "
"1535",58,0.15766299,"Real","Competidor 8 "
"1536",59,0.151599525,"Real","Competidor 8 "
"1537",60,0.154760259,"Real","Competidor 8 "
"1538",61,0.156679515,"Real","Competidor 8 "
"1539",62,0.156541991,"Real","Competidor 8 "
"1540",63,0.15291223,"Real","Competidor 8 "
"1541",64,0.15236335,"Real","Competidor 8 "
"1542",65,0.158492787,"Real","Competidor 8 "
"1543",66,0.158440651,"Real","Competidor 8 "
"1544",67,0.163572595,"Real","Competidor 8 "
"1545",68,0.157468829,"Real","Competidor 8 "
"1546",69,0.157133557,"Real","Competidor 8 "
"1547",70,0.16170061,"Real","Competidor 8 "
"1548",71,0.156049482,"Real","Competidor 8 "
"1549",72,0.156314692,"Real","Competidor 8 "
"1550",73,0.155748586,"Real","Competidor 8 "
"1551",74,0.156197691,"Real","Competidor 8 "
"1552",75,0.151646105,"Real","Competidor 8 "
"1553",76,0.155021862,"Real","Competidor 8 "
"1554",77,0.156378015,"Real","Competidor 8 "
"1555",78,0.15905931,"Real","Competidor 8 "
"1556",79,0.155784659,"Real","Competidor 8 "
"1557",80,0.157190921,"Real","Competidor 8 "
"1558",81,0.155983318,"Real","Competidor 8 "
"1559",82,0.157472004,"Real","Competidor 8 "
"1560",83,0.156482046,"Real","Competidor 8 "
"1561",84,0.156155362,"Real","Competidor 8 "
"1562",85,0.154543867,"Real","Competidor 8 "
"1563",86,0.155660932,"Real","Competidor 8 "
"1564",87,0.156558436,"Real","Competidor 8 "
"1565",88,0.15370059,"Real","Competidor 8 "
"1566",89,0.156323717,"Real","Competidor 8 "
"1567",90,0.153354705,"Real","Competidor 8 "
"1568",91,0.156759703,"Real","Competidor 8 "
"1569",92,0.157207496,"Real","Competidor 8 "
"1570",93,0.155776146,"Real","Competidor 8 "
"1571",94,0.156192483,"Real","Competidor 8 "
"1572",95,0.155973464,"Real","Competidor 8 "
"1573",96,0.158902034,"Real","Competidor 8 "
"1574",97,0.156868666,"Real","Competidor 8 "
"1575",98,0.156230798,"Real","Competidor 8 "
"1576",99,0.155502169,"Real","Competidor 8 "
"1577",100,0.154210777,"Real","Competidor 8 "
"1578",101,0.153269527,"Real","Competidor 8 "
"1579",102,0.152100567,"Real","Competidor 8 "
"1580",103,0.154477694,"Real","Competidor 8 "
"1581",104,0.159615272,"Real","Competidor 8 "
"1582",105,0.1557254,"Real","Competidor 8 "
"1583",106,0.159027172,"Real","Competidor 8 "
"1584",107,0.156215406,"Real","Competidor 8 "
"1585",108,0.156171434,"Real","Competidor 8 "
"1586",109,0.157259762,"Real","Competidor 8 "
"1587",110,0.156347412,"Real","Competidor 8 "
"1588",111,0.14358394,"Real","Competidor 8 "
"1589",112,0.162327667,"Real","Competidor 8 "
"1590",113,0.158060896,"Real","Competidor 8 "
"1591",114,0.157229375,"Real","Competidor 8 "
"1592",115,0.159816008,"Real","Competidor 8 "
"1593",116,0.156698807,"Real","Competidor 8 "
"1594",117,0.157651684,"Real","Competidor 8 "
"1595",118,0.159151928,"Real","Competidor 8 "
"1596",119,0.15829565,"Real","Competidor 8 "
"1597",120,0.158098311,"Real","Competidor 8 "
"1598",121,0.157784667,"Real","Competidor 8 "
"1599",122,0.156697304,"Real","Competidor 8 "
"1600",123,0.154457559,"Real","Competidor 8 "
"1601",124,0.155015694,"Real","Competidor 8 "
"1602",125,0.155830026,"Real","Competidor 8 "
"1603",126,0.15565241,"Real","Competidor 8 "
"1604",127,0.153486296,"Real","Competidor 8 "
"1605",128,0.15668257,"Real","Competidor 8 "
"1606",129,0.154004214,"Real","Competidor 8 "
"1607",130,0.153027084,"Real","Competidor 8 "
"1608",131,0.156774633,"Real","Competidor 8 "
"1609",132,0.155691632,"Real","Competidor 8 "
"1610",133,0.155701939,"Real","Competidor 8 "
"1611",134,0.156506028,"Real","Competidor 8 "
"1612",135,0.154275665,"Real","Competidor 8 "
"1613",136,0.154323286,"Real","Competidor 8 "
"1614",137,0.154772263,"Real","Competidor 8 "
"1615",138,0.155995478,"Real","Competidor 8 "
"1616",139,0.154170686,"Real","Competidor 8 "
"1617",140,0.155123174,"Real","Competidor 8 "
"1618",141,0.153432917,"Real","Competidor 8 "
"1619",142,0.153585779,"Real","Competidor 8 "
"1620",143,0.158044767,"Real","Competidor 8 "
"1621",144,0.155442675,"Real","Competidor 8 "
"1622",145,0.155889669,"Real","Competidor 8 "
"1623",146,0.156117875,"Real","Competidor 8 "
"1624",147,0.156813591,"Real","Competidor 8 "
"1625",148,0.157326985,"Real","Competidor 8 "
"1626",149,0.153921678,"Real","Competidor 8 "
"1627",150,0.155030434,"Real","Competidor 8 "
"1628",151,0.154682184,"Real","Competidor 8 "
"1629",152,0.159572013,"Real","Competidor 8 "
"1630",153,0.157916203,"Real","Competidor 8 "
"1631",154,0.155310989,"Real","Competidor 8 "
"1632",155,0.154971968,"Real","Competidor 8 "
"1633",156,0.155191313,"Real","Competidor 8 "
"1634",157,0.158619607,"Real","Competidor 8 "
"1635",158,0.155779156,"Real","Competidor 8 "
"1636",159,0.153730341,"Real","Competidor 8 "
"1637",160,0.156810229,"Real","Competidor 8 "
"1638",161,0.156836421,"Real","Competidor 8 "
"1639",162,0.156033193,"Real","Competidor 8 "
"1640",163,0.155884123,"Real","Competidor 8 "
"1641",164,0.153919252,"Real","Competidor 8 "
"1642",165,0.159482862,"Real","Competidor 8 "
"1643",166,0.15825222,"Real","Competidor 8 "
"1644",167,0.154423512,"Real","Competidor 8 "
"1645",168,0.15819305,"Real","Competidor 8 "
"1646",169,0.153740671,"Real","Competidor 8 "
"1647",170,0.159622363,"Real","Competidor 8 "
"1648",171,0.161988625,"Real","Competidor 8 "
"1649",172,0.15496821,"Real","Competidor 8 "
"1650",173,0.155677818,"Real","Competidor 8 "
"1651",174,0.154831193,"Real","Competidor 8 "
"1652",175,0.157670351,"Real","Competidor 8 "
"1653",176,0.155167444277889,"Forecast","Competidor 8 "
"1654",177,0.155787295780882,"Forecast","Competidor 8 "
"1655",178,0.155673448409211,"Forecast","Competidor 8 "
"1656",179,0.15336020827491,"Forecast","Competidor 8 "
"1657",180,0.156277327256209,"Forecast","Competidor 8 "
"1658",181,0.154038483352375,"Forecast","Competidor 8 "
"1659",182,0.153489917658906,"Forecast","Competidor 8 "
"1660",183,0.15659699670365,"Forecast","Competidor 8 "
"1661",184,0.155829985121755,"Forecast","Competidor 8 "
"1662",185,0.155681137763316,"Forecast","Competidor 8 "
"1663",186,0.156638590351356,"Forecast","Competidor 8 "
"1664",187,0.154386363330848,"Forecast","Competidor 8 "
"1665",176,0.146781292408756,"IC_LO","Competidor 8 "
"1666",177,0.147583204882103,"IC_LO","Competidor 8 "
"1667",178,0.14739318843621,"IC_LO","Competidor 8 "
"1668",179,0.1452146929834,"IC_LO","Competidor 8 "
"1669",180,0.148398604436669,"IC_LO","Competidor 8 "
"1670",181,0.145707904709672,"IC_LO","Competidor 8 "
"1671",182,0.144718449716723,"IC_LO","Competidor 8 "
"1672",183,0.14845369237278,"IC_LO","Competidor 8 "
"1673",184,0.147358403593446,"IC_LO","Competidor 8 "
"1674",185,0.147356441294956,"IC_LO","Competidor 8 "
"1675",186,0.148148279394176,"IC_LO","Competidor 8 "
"1676",187,0.14590568380859,"IC_LO","Competidor 8 "
"1677",176,0.162899191955545,"IC_HI","Competidor 8 "
"1678",177,0.163725943482197,"IC_HI","Competidor 8 "
"1679",178,0.163560727928091,"IC_HI","Competidor 8 "
"1680",179,0.1614069953809,"IC_HI","Competidor 8 "
"1681",180,0.164615631927632,"IC_HI","Competidor 8 "
"1682",181,0.161949619654628,"IC_HI","Competidor 8 "
"1683",182,0.160984814647578,"IC_HI","Competidor 8 "
"1684",183,0.164744669991521,"IC_HI","Competidor 8 "
"1685",184,0.163673956770855,"IC_HI","Competidor 8 "
"1686",185,0.163696533069345,"IC_HI","Competidor 8 "
"1687",186,0.164512872970125,"IC_HI","Competidor 8 "
"1688",187,0.162294742555711,"IC_HI","Competidor 8 "
"1689",1,0.017455698,"Real","Competidor 9 "
"1690",2,0.012005408,"Real","Competidor 9 "
"1691",3,0.013072453,"Real","Competidor 9 "
"1692",4,0.012896064,"Real","Competidor 9 "
"1693",5,0.015590046,"Real","Competidor 9 "
"1694",6,0.016448685,"Real","Competidor 9 "
"1695",7,0.012488232,"Real","Competidor 9 "
"1696",8,0.012263372,"Real","Competidor 9 "
"1697",9,0.013257731,"Real","Competidor 9 "
"1698",10,0.013134511,"Real","Competidor 9 "
"1699",11,0.015288535,"Real","Competidor 9 "
"1700",12,0.017874591,"Real","Competidor 9 "
"1701",13,0.011793787,"Real","Competidor 9 "
"1702",14,0.011797017,"Real","Competidor 9 "
"1703",15,0.013258561,"Real","Competidor 9 "
"1704",16,0.013431173,"Real","Competidor 9 "
"1705",17,0.017655991,"Real","Competidor 9 "
"1706",18,0.011758966,"Real","Competidor 9 "
"1707",19,0.013211513,"Real","Competidor 9 "
"1708",20,0.014139416,"Real","Competidor 9 "
"1709",21,0.017621584,"Real","Competidor 9 "
"1710",22,0.013522917,"Real","Competidor 9 "
"1711",23,0.017088652,"Real","Competidor 9 "
"1712",24,0.012109654,"Real","Competidor 9 "
"1713",25,0.014225083,"Real","Competidor 9 "
"1714",26,0.012086563,"Real","Competidor 9 "
"1715",27,0.015620304,"Real","Competidor 9 "
"1716",28,0.012630269,"Real","Competidor 9 "
"1717",29,0.014753638,"Real","Competidor 9 "
"1718",30,0.016347574,"Real","Competidor 9 "
"1719",31,0.012722744,"Real","Competidor 9 "
"1720",32,0.013061094,"Real","Competidor 9 "
"1721",33,0.015380142,"Real","Competidor 9 "
"1722",34,0.0172787,"Real","Competidor 9 "
"1723",35,0.012484749,"Real","Competidor 9 "
"1724",36,0.012699786,"Real","Competidor 9 "
"1725",37,0.015413605,"Real","Competidor 9 "
"1726",38,0.018612331,"Real","Competidor 9 "
"1727",39,0.011545049,"Real","Competidor 9 "
"1728",40,0.011559751,"Real","Competidor 9 "
"1729",41,0.012986665,"Real","Competidor 9 "
"1730",42,0.014138471,"Real","Competidor 9 "
"1731",43,0.016718469,"Real","Competidor 9 "
"1732",44,0.011808028,"Real","Competidor 9 "
"1733",45,0.013231842,"Real","Competidor 9 "
"1734",46,0.014438876,"Real","Competidor 9 "
"1735",47,0.017733523,"Real","Competidor 9 "
"1736",48,0.012153618,"Real","Competidor 9 "
"1737",49,0.012417452,"Real","Competidor 9 "
"1738",50,0.013406231,"Real","Competidor 9 "
"1739",51,0.019495634,"Real","Competidor 9 "
"1740",52,0.012799384,"Real","Competidor 9 "
"1741",53,0.015273239,"Real","Competidor 9 "
"1742",54,0.01099139,"Real","Competidor 9 "
"1743",55,0.01333731,"Real","Competidor 9 "
"1744",56,0.015732341,"Real","Competidor 9 "
"1745",57,0.011913216,"Real","Competidor 9 "
"1746",58,0.01181483,"Real","Competidor 9 "
"1747",59,0.015272854,"Real","Competidor 9 "
"1748",60,0.017478236,"Real","Competidor 9 "
"1749",61,0.011762187,"Real","Competidor 9 "
"1750",62,0.011461525,"Real","Competidor 9 "
"1751",63,0.014788229,"Real","Competidor 9 "
"1752",64,0.017735287,"Real","Competidor 9 "
"1753",65,0.011812022,"Real","Competidor 9 "
"1754",66,0.011090947,"Real","Competidor 9 "
"1755",67,0.012465251,"Real","Competidor 9 "
"1756",68,0.013618359,"Real","Competidor 9 "
"1757",69,0.018299039,"Real","Competidor 9 "
"1758",70,0.011426682,"Real","Competidor 9 "
"1759",71,0.012242675,"Real","Competidor 9 "
"1760",72,0.013934935,"Real","Competidor 9 "
"1761",73,0.017233774,"Real","Competidor 9 "
"1762",74,0.013499155,"Real","Competidor 9 "
"1763",75,0.017146259,"Real","Competidor 9 "
"1764",76,0.012664118,"Real","Competidor 9 "
"1765",77,0.011785116,"Real","Competidor 9 "
"1766",78,0.011530507,"Real","Competidor 9 "
"1767",79,0.013505271,"Real","Competidor 9 "
"1768",80,0.015156221,"Real","Competidor 9 "
"1769",81,0.012700922,"Real","Competidor 9 "
"1770",82,0.012104446,"Real","Competidor 9 "
"1771",83,0.012960589,"Real","Competidor 9 "
"1772",84,0.013087446,"Real","Competidor 9 "
"1773",85,0.014826464,"Real","Competidor 9 "
"1774",86,0.016566085,"Real","Competidor 9 "
"1775",87,0.011904705,"Real","Competidor 9 "
"1776",88,0.014437775,"Real","Competidor 9 "
"1777",89,0.017510897,"Real","Competidor 9 "
"1778",90,0.011568068,"Real","Competidor 9 "
"1779",91,0.011773435,"Real","Competidor 9 "
"1780",92,0.011355909,"Real","Competidor 9 "
"1781",93,0.012544677,"Real","Competidor 9 "
"1782",94,0.013571119,"Real","Competidor 9 "
"1783",95,0.016193599,"Real","Competidor 9 "
"1784",96,0.011385225,"Real","Competidor 9 "
"1785",97,0.012146665,"Real","Competidor 9 "
"1786",98,0.013858511,"Real","Competidor 9 "
"1787",99,0.016017664,"Real","Competidor 9 "
"1788",100,0.014490757,"Real","Competidor 9 "
"1789",101,0.0181803,"Real","Competidor 9 "
"1790",102,0.017910011,"Real","Competidor 9 "
"1791",103,0.016530226,"Real","Competidor 9 "
"1792",104,0.011757113,"Real","Competidor 9 "
"1793",105,0.011097653,"Real","Competidor 9 "
"1794",106,0.01147799,"Real","Competidor 9 "
"1795",107,0.013395012,"Real","Competidor 9 "
"1796",108,0.015350305,"Real","Competidor 9 "
"1797",109,0.013505427,"Real","Competidor 9 "
"1798",110,0.015135557,"Real","Competidor 9 "
"1799",111,0.018681223,"Real","Competidor 9 "
"1800",112,0.011346773,"Real","Competidor 9 "
"1801",113,0.012744113,"Real","Competidor 9 "
"1802",114,0.0113548,"Real","Competidor 9 "
"1803",115,0.011495015,"Real","Competidor 9 "
"1804",116,0.014095307,"Real","Competidor 9 "
"1805",117,0.017816682,"Real","Competidor 9 "
"1806",118,0.010888356,"Real","Competidor 9 "
"1807",119,0.011969706,"Real","Competidor 9 "
"1808",120,0.011695127,"Real","Competidor 9 "
"1809",121,0.013880901,"Real","Competidor 9 "
"1810",122,0.015530511,"Real","Competidor 9 "
"1811",123,0.013886029,"Real","Competidor 9 "
"1812",124,0.013890653,"Real","Competidor 9 "
"1813",125,0.016323403,"Real","Competidor 9 "
"1814",126,0.011704077,"Real","Competidor 9 "
"1815",127,0.011531048,"Real","Competidor 9 "
"1816",128,0.011950553,"Real","Competidor 9 "
"1817",129,0.015382194,"Real","Competidor 9 "
"1818",130,0.019098295,"Real","Competidor 9 "
"1819",131,0.011672158,"Real","Competidor 9 "
"1820",132,0.011210383,"Real","Competidor 9 "
"1821",133,0.012227398,"Real","Competidor 9 "
"1822",134,0.014156517,"Real","Competidor 9 "
"1823",135,0.015869298,"Real","Competidor 9 "
"1824",136,0.01289763,"Real","Competidor 9 "
"1825",137,0.013580765,"Real","Competidor 9 "
"1826",138,0.016660356,"Real","Competidor 9 "
"1827",139,0.011274977,"Real","Competidor 9 "
"1828",140,0.01084923,"Real","Competidor 9 "
"1829",141,0.011579459,"Real","Competidor 9 "
"1830",142,0.013559564,"Real","Competidor 9 "
"1831",143,0.017149081,"Real","Competidor 9 "
"1832",144,0.011341729,"Real","Competidor 9 "
"1833",145,0.011712822,"Real","Competidor 9 "
"1834",146,0.012580856,"Real","Competidor 9 "
"1835",147,0.016192231,"Real","Competidor 9 "
"1836",148,0.011974242,"Real","Competidor 9 "
"1837",149,0.01424932,"Real","Competidor 9 "
"1838",150,0.013552526,"Real","Competidor 9 "
"1839",151,0.016145748,"Real","Competidor 9 "
"1840",152,0.011016347,"Real","Competidor 9 "
"1841",153,0.011270056,"Real","Competidor 9 "
"1842",154,0.011509291,"Real","Competidor 9 "
"1843",155,0.012411528,"Real","Competidor 9 "
"1844",156,0.016629764,"Real","Competidor 9 "
"1845",157,0.01026529,"Real","Competidor 9 "
"1846",158,0.016639958,"Real","Competidor 9 "
"1847",159,0.01199749,"Real","Competidor 9 "
"1848",160,0.010952658,"Real","Competidor 9 "
"1849",161,0.011233919,"Real","Competidor 9 "
"1850",162,0.011730865,"Real","Competidor 9 "
"1851",163,0.012252649,"Real","Competidor 9 "
"1852",164,0.018796215,"Real","Competidor 9 "
"1853",165,0.011442375,"Real","Competidor 9 "
"1854",166,0.010384449,"Real","Competidor 9 "
"1855",167,0.01386616,"Real","Competidor 9 "
"1856",168,0.01165013,"Real","Competidor 9 "
"1857",169,0.017296418,"Real","Competidor 9 "
"1858",170,0.009725936,"Real","Competidor 9 "
"1859",171,0.010010807,"Real","Competidor 9 "
"1860",172,0.010869188,"Real","Competidor 9 "
"1861",173,0.011824765,"Real","Competidor 9 "
"1862",174,0.016339997,"Real","Competidor 9 "
"1863",175,0.010931168,"Real","Competidor 9 "
"1864",176,0.0135762819690731,"Forecast","Competidor 9 "
"1865",177,0.0162041656122976,"Forecast","Competidor 9 "
"1866",178,0.0119630389280188,"Forecast","Competidor 9 "
"1867",179,0.0132264989963512,"Forecast","Competidor 9 "
"1868",180,0.0112437694618843,"Forecast","Competidor 9 "
"1869",181,0.0137678973164944,"Forecast","Competidor 9 "
"1870",182,0.0159681768158083,"Forecast","Competidor 9 "
"1871",183,0.0120652941589275,"Forecast","Competidor 9 "
"1872",184,0.0120987468576536,"Forecast","Competidor 9 "
"1873",185,0.0121999249200877,"Forecast","Competidor 9 "
"1874",186,0.0135592674940188,"Forecast","Competidor 9 "
"1875",187,0.0142131553518275,"Forecast","Competidor 9 "
"1876",176,0.00653164354562787,"IC_LO","Competidor 9 "
"1877",177,0.00935400768585985,"IC_LO","Competidor 9 "
"1878",178,0.00504911237325196,"IC_LO","Competidor 9 "
"1879",179,0.00645969857588535,"IC_LO","Competidor 9 "
"1880",180,0.00475612406011922,"IC_LO","Competidor 9 "
"1881",181,0.00684073981856307,"IC_LO","Competidor 9 "
"1882",182,0.00861245501134657,"IC_LO","Competidor 9 "
"1883",183,0.00535004230972153,"IC_LO","Competidor 9 "
"1884",184,0.00506750559034261,"IC_LO","Competidor 9 "
"1885",185,0.00532783801121638,"IC_LO","Competidor 9 "
"1886",186,0.00653381699710746,"IC_LO","Competidor 9 "
"1887",187,0.00720956887542321,"IC_LO","Competidor 9 "
"1888",176,0.019966516201041,"IC_HI","Competidor 9 "
"1889",177,0.022788880341273,"IC_HI","Competidor 9 "
"1890",178,0.0184839850286651,"IC_HI","Competidor 9 "
"1891",179,0.0198945712312985,"IC_HI","Competidor 9 "
"1892",180,0.0181909967155324,"IC_HI","Competidor 9 "
"1893",181,0.0202756124739762,"IC_HI","Competidor 9 "
"1894",182,0.0220473276667597,"IC_HI","Competidor 9 "
"1895",183,0.0187849149651347,"IC_HI","Competidor 9 "
"1896",184,0.0185023782457558,"IC_HI","Competidor 9 "
"1897",185,0.0187627106666295,"IC_HI","Competidor 9 "
"1898",186,0.0199686896525206,"IC_HI","Competidor 9 "
"1899",187,0.0206444415308364,"IC_HI","Competidor 9 "
"1900",1,0.205191492,"Real","Competidor 10 "
"1901",2,0.21362193,"Real","Competidor 10 "
"1902",3,0.213007993,"Real","Competidor 10 "
"1903",4,0.205940732,"Real","Competidor 10 "
"1904",5,0.205932964,"Real","Competidor 10 "
"1905",6,0.208766091,"Real","Competidor 10 "
"1906",7,0.211479952,"Real","Competidor 10 "
"1907",8,0.210015379,"Real","Competidor 10 "
"1908",9,0.206164944,"Real","Competidor 10 "
"1909",10,0.207722183,"Real","Competidor 10 "
"1910",11,0.205211425,"Real","Competidor 10 "
"1911",12,0.203037074,"Real","Competidor 10 "
"1912",13,0.210925039,"Real","Competidor 10 "
"1913",14,0.211205608,"Real","Competidor 10 "
"1914",15,0.211568953,"Real","Competidor 10 "
"1915",16,0.208370049,"Real","Competidor 10 "
"1916",17,0.207166504,"Real","Competidor 10 "
"1917",18,0.214952337,"Real","Competidor 10 "
"1918",19,0.215323531,"Real","Competidor 10 "
"1919",20,0.212294854,"Real","Competidor 10 "
"1920",21,0.210772656,"Real","Competidor 10 "
"1921",22,0.212950201,"Real","Competidor 10 "
"1922",23,0.208088631,"Real","Competidor 10 "
"1923",24,0.216791637,"Real","Competidor 10 "
"1924",25,0.212566221,"Real","Competidor 10 "
"1925",26,0.213935058,"Real","Competidor 10 "
"1926",27,0.217895545,"Real","Competidor 10 "
"1927",28,0.21653764,"Real","Competidor 10 "
"1928",29,0.217013648,"Real","Competidor 10 "
"1929",30,0.214259547,"Real","Competidor 10 "
"1930",31,0.219216557,"Real","Competidor 10 "
"1931",32,0.216862072,"Real","Competidor 10 "
"1932",33,0.214874552,"Real","Competidor 10 "
"1933",34,0.212625682,"Real","Competidor 10 "
"1934",35,0.216993161,"Real","Competidor 10 "
"1935",36,0.217176847,"Real","Competidor 10 "
"1936",37,0.214344459,"Real","Competidor 10 "
"1937",38,0.210090983,"Real","Competidor 10 "
"1938",39,0.218567188,"Real","Competidor 10 "
"1939",40,0.212910834,"Real","Competidor 10 "
"1940",41,0.213713415,"Real","Competidor 10 "
"1941",42,0.21275854,"Real","Competidor 10 "
"1942",43,0.207438834,"Real","Competidor 10 "
"1943",44,0.214282208,"Real","Competidor 10 "
"1944",45,0.216862126,"Real","Competidor 10 "
"1945",46,0.212693683,"Real","Competidor 10 "
"1946",47,0.207553404,"Real","Competidor 10 "
"1947",48,0.213215477,"Real","Competidor 10 "
"1948",49,0.213546493,"Real","Competidor 10 "
"1949",50,0.210739556,"Real","Competidor 10 "
"1950",51,0.20604517,"Real","Competidor 10 "
"1951",52,0.214076236,"Real","Competidor 10 "
"1952",53,0.208043781,"Real","Competidor 10 "
"1953",54,0.216146408,"Real","Competidor 10 "
"1954",55,0.213537532,"Real","Competidor 10 "
"1955",56,0.207312648,"Real","Competidor 10 "
"1956",57,0.210303395,"Real","Competidor 10 "
"1957",58,0.212515565,"Real","Competidor 10 "
"1958",59,0.211107659,"Real","Competidor 10 "
"1959",60,0.205318988,"Real","Competidor 10 "
"1960",61,0.211423064,"Real","Competidor 10 "
"1961",62,0.21201074,"Real","Competidor 10 "
"1962",63,0.207988537,"Real","Competidor 10 "
"1963",64,0.205868479,"Real","Competidor 10 "
"1964",65,0.211511156,"Real","Competidor 10 "
"1965",66,0.207860087,"Real","Competidor 10 "
"1966",67,0.206772342,"Real","Competidor 10 "
"1967",68,0.214550315,"Real","Competidor 10 "
"1968",69,0.203564319,"Real","Competidor 10 "
"1969",70,0.209803664,"Real","Competidor 10 "
"1970",71,0.216127896,"Real","Competidor 10 "
"1971",72,0.213892573,"Real","Competidor 10 "
"1972",73,0.209076289,"Real","Competidor 10 "
"1973",74,0.214493079,"Real","Competidor 10 "
"1974",75,0.215483943,"Real","Competidor 10 "
"1975",76,0.219202794,"Real","Competidor 10 "
"1976",77,0.222102731,"Real","Competidor 10 "
"1977",78,0.214505038,"Real","Competidor 10 "
"1978",79,0.217811245,"Real","Competidor 10 "
"1979",80,0.212121007,"Real","Competidor 10 "
"1980",81,0.217357751,"Real","Competidor 10 "
"1981",82,0.214422752,"Real","Competidor 10 "
"1982",83,0.21648693,"Real","Competidor 10 "
"1983",84,0.21752823,"Real","Competidor 10 "
"1984",85,0.213617411,"Real","Competidor 10 "
"1985",86,0.210641734,"Real","Competidor 10 "
"1986",87,0.217229019,"Real","Competidor 10 "
"1987",88,0.213290779,"Real","Competidor 10 "
"1988",89,0.211241312,"Real","Competidor 10 "
"1989",90,0.218825291,"Real","Competidor 10 "
"1990",91,0.217200617,"Real","Competidor 10 "
"1991",92,0.217426114,"Real","Competidor 10 "
"1992",93,0.217653258,"Real","Competidor 10 "
"1993",94,0.21309817,"Real","Competidor 10 "
"1994",95,0.208361998,"Real","Competidor 10 "
"1995",96,0.212960619,"Real","Competidor 10 "
"1996",97,0.216062233,"Real","Competidor 10 "
"1997",98,0.214226887,"Real","Competidor 10 "
"1998",99,0.211296896,"Real","Competidor 10 "
"1999",100,0.210323601,"Real","Competidor 10 "
"2000",101,0.206063049,"Real","Competidor 10 "
"2001",102,0.210510189,"Real","Competidor 10 "
"2002",103,0.20921891,"Real","Competidor 10 "
"2003",104,0.212987594,"Real","Competidor 10 "
"2004",105,0.212768413,"Real","Competidor 10 "
"2005",106,0.211702556,"Real","Competidor 10 "
"2006",107,0.210666208,"Real","Competidor 10 "
"2007",108,0.206994118,"Real","Competidor 10 "
"2008",109,0.209303489,"Real","Competidor 10 "
"2009",110,0.206888508,"Real","Competidor 10 "
"2010",111,0.223087175,"Real","Competidor 10 "
"2011",112,0.202523591,"Real","Competidor 10 "
"2012",113,0.212206357,"Real","Competidor 10 "
"2013",114,0.212150909,"Real","Competidor 10 "
"2014",115,0.209870988,"Real","Competidor 10 "
"2015",116,0.210664856,"Real","Competidor 10 "
"2016",117,0.202707966,"Real","Competidor 10 "
"2017",118,0.21017381,"Real","Competidor 10 "
"2018",119,0.209449753,"Real","Competidor 10 "
"2019",120,0.21278195,"Real","Competidor 10 "
"2020",121,0.210414908,"Real","Competidor 10 "
"2021",122,0.209328431,"Real","Competidor 10 "
"2022",123,0.212186373,"Real","Competidor 10 "
"2023",124,0.211454261,"Real","Competidor 10 "
"2024",125,0.208087995,"Real","Competidor 10 "
"2025",126,0.215300581,"Real","Competidor 10 "
"2026",127,0.218267278,"Real","Competidor 10 "
"2027",128,0.214248115,"Real","Competidor 10 "
"2028",129,0.211939496,"Real","Competidor 10 "
"2029",130,0.20744547,"Real","Competidor 10 "
"2030",131,0.21210256,"Real","Competidor 10 "
"2031",132,0.217425984,"Real","Competidor 10 "
"2032",133,0.220406056,"Real","Competidor 10 "
"2033",134,0.213817748,"Real","Competidor 10 "
"2034",135,0.210796964,"Real","Competidor 10 "
"2035",136,0.2161013,"Real","Competidor 10 "
"2036",137,0.21626962,"Real","Competidor 10 "
"2037",138,0.213099815,"Real","Competidor 10 "
"2038",139,0.217337906,"Real","Competidor 10 "
"2039",140,0.215886093,"Real","Competidor 10 "
"2040",141,0.217578139,"Real","Competidor 10 "
"2041",142,0.215918017,"Real","Competidor 10 "
"2042",143,0.205287351,"Real","Competidor 10 "
"2043",144,0.215174027,"Real","Competidor 10 "
"2044",145,0.215342826,"Real","Competidor 10 "
"2045",146,0.210667898,"Real","Competidor 10 "
"2046",147,0.211220177,"Real","Competidor 10 "
"2047",148,0.210751825,"Real","Competidor 10 "
"2048",149,0.211002327,"Real","Competidor 10 "
"2049",150,0.210290557,"Real","Competidor 10 "
"2050",151,0.205937095,"Real","Competidor 10 "
"2051",152,0.210366816,"Real","Competidor 10 "
"2052",153,0.208181295,"Real","Competidor 10 "
"2053",154,0.210241467,"Real","Competidor 10 "
"2054",155,0.210528977,"Real","Competidor 10 "
"2055",156,0.203986942,"Real","Competidor 10 "
"2056",157,0.212029295,"Real","Competidor 10 "
"2057",158,0.201876443,"Real","Competidor 10 "
"2058",159,0.21322515,"Real","Competidor 10 "
"2059",160,0.210699882,"Real","Competidor 10 "
"2060",161,0.211248389,"Real","Competidor 10 "
"2061",162,0.210241238,"Real","Competidor 10 "
"2062",163,0.208829095,"Real","Competidor 10 "
"2063",164,0.202130533,"Real","Competidor 10 "
"2064",165,0.207776255,"Real","Competidor 10 "
"2065",166,0.208271686,"Real","Competidor 10 "
"2066",167,0.207925173,"Real","Competidor 10 "
"2067",168,0.207927741,"Real","Competidor 10 "
"2068",169,0.206055645,"Real","Competidor 10 "
"2069",170,0.209376684,"Real","Competidor 10 "
"2070",171,0.205924169,"Real","Competidor 10 "
"2071",172,0.207720885,"Real","Competidor 10 "
"2072",173,0.208104157,"Real","Competidor 10 "
"2073",174,0.204746869,"Real","Competidor 10 "
"2074",175,0.207276868,"Real","Competidor 10 "
"2075",176,0.210476622657796,"Forecast","Competidor 10 "
"2076",177,0.20677462906271,"Forecast","Competidor 10 "
"2077",178,0.213042052537222,"Forecast","Competidor 10 "
"2078",179,0.214490769119901,"Forecast","Competidor 10 "
"2079",180,0.213517331113561,"Forecast","Competidor 10 "
"2080",181,0.212691993626507,"Forecast","Competidor 10 "
"2081",182,0.208542506663668,"Forecast","Competidor 10 "
"2082",183,0.212152387281625,"Forecast","Competidor 10 "
"2083",184,0.214361500433893,"Forecast","Competidor 10 "
"2084",185,0.217443935118108,"Forecast","Competidor 10 "
"2085",186,0.21233121728815,"Forecast","Competidor 10 "
"2086",187,0.2114299007815,"Forecast","Competidor 10 "
"2087",176,0.199817827675476,"IC_LO","Competidor 10 "
"2088",177,0.196296783484958,"IC_LO","Competidor 10 "
"2089",178,0.202486924913864,"IC_LO","Competidor 10 "
"2090",179,0.204069271819607,"IC_LO","Competidor 10 "
"2091",180,0.20336151055815,"IC_LO","Competidor 10 "
"2092",181,0.202083200170357,"IC_LO","Competidor 10 "
"2093",182,0.197491705497889,"IC_LO","Competidor 10 "
"2094",183,0.201728630002165,"IC_LO","Competidor 10 "
"2095",184,0.203608344934686,"IC_LO","Competidor 10 "
"2096",185,0.206836542376528,"IC_LO","Competidor 10 "
"2097",186,0.201557086492532,"IC_LO","Competidor 10 "
"2098",187,0.200664276609594,"IC_LO","Competidor 10 "
"2099",176,0.220481013448639,"IC_HI","Competidor 10 "
"2100",177,0.216987031442999,"IC_HI","Competidor 10 "
"2101",178,0.22320419970646,"IC_HI","Competidor 10 "
"2102",179,0.224813538234677,"IC_HI","Competidor 10 "
"2103",180,0.224132733520855,"IC_HI","Competidor 10 "
"2104",181,0.222881344742207,"IC_HI","Competidor 10 "
"2105",182,0.218316736875937,"IC_HI","Competidor 10 "
"2106",183,0.222580513518086,"IC_HI","Competidor 10 "
"2107",184,0.22448704605389,"IC_HI","Competidor 10 "
"2108",185,0.227742026697358,"IC_HI","Competidor 10 "
"2109",186,0.222489319745358,"IC_HI","Competidor 10 "
"2110",187,0.221623224656011,"IC_HI","Competidor 10 "
